,curve_id,min_df_dx,max_df_dx,max_force,cp_x,ind_energy
0,Chromosomes/PS090441/cr00010.000,0.1628321936308206,6.018612438368588,169.51042799916112,375.21255322955756,43.513129312445216
0,Chromosomes/PS090441/cr00004.000,1.0,17.843227500664263,5911.458385220796,402.3754476909554,1690.7351137706632
0,Chromosomes/PS090441/cr00005.000,1.0,10.472121453163844,6040.319894935824,374.90809518488993,1872.8638877877104
0,Chromosomes/PS090441/cr00011.000,0.7181422017349597,70.38793891296397,2415.4624464430376,300.94529488054013,407.8303708450807
0,Chromosomes/PS090441/cr00007.000,0.7206158050494457,24.174051392099763,937.2358541900745,269.95102414079577,215.53255352654236
0,Chromosomes/PS090441/cr00013.000,1.0,7.9972737199855235,6957.1382197486355,432.40814161022195,2161.7825458475418
0,Chromosomes/PS090441/cr00012.000,1.0,17.84181929738026,5872.1418267609215,331.1747966455912,1621.8989124255781
0,Chromosomes/PS090441/cr00006.000,1.0,6.482874471141892,4209.682927328926,384.42180521974615,1268.7290522098458
0,Chromosomes/PS090441/cr00002.000,0.8467185680421484,16.3643950124295,3599.3389322639246,265.3537076770418,866.8636813590683
0,Chromosomes/PS090441/cr00016.000,0.4472115598908152,1.8139448912629057,2303.168573300149,506.7121571749887,801.0907085209144
0,Chromosomes/PS090441/cr00017.000,0.5149091605213724,13.430690237186809,581.3082331155632,289.8924759772767,119.78205715738153
0,Chromosomes/PS090441/cr00003.000,0.39856744672036654,14.08020239632724,5027.648996560905,393.76505919201713,1254.7522029450674
0,Chromosomes/PS090441/cr00015.000,1.0,7.260523240889794,6673.559633645083,490.78577047157273,2117.687482207111
0,Chromosomes/PS090441/cr00001.000,0.34450834373883726,84.0478705294491,1523.0403269679077,154.1022389972352,245.17660355722302
0,Chromosomes/PS090441/cr00014.000,1.0,6.3236612191821475,7354.742879004639,516.170777163286,2297.1543584452847
0,Chromosomes/PS090441/cr00073.000,1.0,5.81323609127035,7213.972886442185,485.79563105966287,2272.90729099852
0,Chromosomes/PS090441/cr00067.000,0.860256828006598,4.023440535739585,1774.6838802494856,507.1845448372737,674.6736834122734
0,Chromosomes/PS090441/cr00066.000,1.0,6.011043010885009,6821.0861967731435,595.946285201799,2213.073732863334
0,Chromosomes/PS090441/cr00072.000,1.0,22.49116233245748,5528.5716219813285,418.8426087978172,1531.7130290825462
0,Chromosomes/PS090441/cr00064.000,1.0,4.772203743043368,8634.197921219435,591.1129546262679,2874.5426074964603
0,Chromosomes/PS090441/cr00070.000,0.4728443780715989,8.284715043762569,655.0627345472798,466.46760353943694,153.91298865049373
0,Chromosomes/PS090441/cr00058.000,-0.07017515657400408,1.7739625887920913,230.2494439984979,296.3448652970926,94.64295750978484
0,Chromosomes/PS090441/cr00071.000,0.06693914969339239,51.390714980068594,3238.6560652600415,386.3541109871268,676.3007158478878
0,Chromosomes/PS090441/cr00065.000,1.0,4.335012091164443,7958.837684105071,581.7840292418398,2837.5226185518577
0,Chromosomes/PS090441/cr00061.000,0.354960545365518,26.99529842398546,1092.6124166930517,330.20590050394924,217.18738326965135
0,Chromosomes/PS090441/cr00075.000,0.7418185545980397,3.5876620603510703,5467.34110066226,632.3818776980686,1838.8281938190132
0,Chromosomes/PS090441/cr00074.000,1.0,7.286901354212215,7601.743078365715,590.2935274198726,2423.8196315302325
0,Chromosomes/PS090441/cr00048.000,0.6944045496527571,3.214979655882391,219.19331648051786,351.21191663366824,90.78894957078286
0,Chromosomes/PS090441/cr00076.000,0.9977302945371288,4.389798331394594,3494.814045878178,460.8122323428528,1254.0429044191173
0,Chromosomes/PS090441/cr00062.000,1.0,19.21438325685247,6009.917316725716,405.89235073437123,1838.6507189774316
0,Chromosomes/PS090441/cr00063.000,1.0,13.63197738560295,7975.029826650958,532.9168692112112,2487.023318448557
0,Chromosomes/PS090441/cr00077.000,0.8353542583865697,19.594784666454842,2258.5427309426263,306.38052369329046,544.2488944936628
0,Chromosomes/PS090441/cr00085.000,0.14066239094306326,79.66116930879267,1114.7066997107688,337.09510752472363,215.6284225756018
0,Chromosomes/PS090441/cr00052.000,0.47387844444368266,1.7080048155598733,1864.3156016980856,445.98193622711756,717.4490749342485
0,Chromosomes/PS090441/cr00046.000,1.0,7.924246129182351,7000.020974887524,669.850066532165,2238.560200785322
0,Chromosomes/PS090441/cr00047.000,1.0,9.109129065777777,2120.86452302901,601.2632733681928,679.0297617604009
0,Chromosomes/PS090441/cr00053.000,1.0,9.111302178156057,7075.904643750785,581.6562781927655,2220.133574040099
0,Chromosomes/PS090441/cr00084.000,1.0,8.143337227087017,3978.7944152409104,491.63947889852295,1215.5752551568323
0,Chromosomes/PS090441/cr00086.000,0.9764238281959917,333.75978046368505,2316.1376282644956,215.4835663635971,464.5826360845991
0,Chromosomes/PS090441/cr00045.000,1.0,10.323591602558519,7975.06817927433,653.7579971034436,2465.5208871773893
0,Chromosomes/PS090441/cr00051.000,-2.099981688605481,2.774413192649841,214.82507667875475,256.59710070057054,62.40281232245069
0,Chromosomes/PS090441/cr00078.000,1.0,10.293067190841715,157.64969008687603,208.26082639908293,59.38211881927718
0,Chromosomes/PS090441/cr00044.000,1.0,9.392854465430784,7290.894394272462,666.4318980180392,2276.4472330032954
0,Chromosomes/PS090441/cr00087.000,-3.6710418217052116,61.8041892608853,289.7632484672556,251.29679002118246,60.103821289082354
0,Chromosomes/PS090441/cr00083.000,1.0,7.457895394127402,5075.447918971055,418.12360845190665,1526.8746216682127
0,Chromosomes/PS090441/cr00068.000,0.5695195282110731,1.9311753075207478,276.69916238350606,381.55431027399084,98.84449075048126
0,Chromosomes/PS090441/cr00054.000,1.0,6.4913147322727,8350.569318201038,524.94811927616,2740.4096594669722
0,Chromosomes/PS090441/cr00055.000,1.0,6.339640827098207,8394.867494118422,530.3255822230008,2808.4235523167204
0,Chromosomes/PS090441/cr00082.000,-0.14090455697220078,45.76572927285769,4623.129187683573,369.0881404179861,1135.4076389808229
0,Chromosomes/PS090441/cr00080.000,0.5317578286555961,10.464560481148313,577.0167150316989,330.8113989537288,126.09055329495868
0,Chromosomes/PS090441/cr00057.000,1.0,6.023921053919946,2242.2407676505004,526.0846571106397,817.9560943893993
0,Chromosomes/PS090441/cr00043.000,0.8088762941797828,5.891394262282221,2674.9476362482415,517.7597538148242,883.1961856016533
0,Chromosomes/PS090441/cr00042.000,0.1533306763089247,4.441023417163159,577.5788436077606,229.85321793218964,193.00388802139094
0,Chromosomes/PS090441/cr00056.000,1.0,7.187912498297675,7379.954046677332,588.9607904274978,2430.041400457115
0,Chromosomes/PS090441/cr00081.000,0.5515320639031509,113.40838124298355,3194.8221354514108,355.4558310064664,689.1212186654749
0,Chromosomes/PS090441/cr00025.000,1.0,6.8593860686394414,6777.582086579468,602.7796072355009,2284.6799052498645
0,Chromosomes/PS090441/cr00018.000,-2.7149694600443204,1.0,148.762527187993,280.7944258883897,71.32220418530348
0,Chromosomes/PS090441/cr00024.000,1.0,4.617795052367784,8125.332629129798,517.9456708768955,2770.1077644345905
0,Chromosomes/PS090441/cr00026.000,-0.10584076627744904,1.0391068166065336,2198.528181688551,584.1261312438663,958.8884116331777
0,Chromosomes/PS090441/cr00032.000,1.0,7.276350122434694,2592.5097475284497,299.7144461816324,829.5214756024322
0,Chromosomes/PS090441/cr00033.000,1.0,26.626223414182387,6662.3146238584095,503.6488216552981,2077.616227131541
0,Chromosomes/PS090441/cr00027.000,-3.0484738343055646,1.7401808550450946,202.57292397641658,272.5337532056575,86.18488534340693
0,Chromosomes/PS090441/cr00023.000,1.0,14.954580252103636,7315.562523824164,488.92309799292946,2136.1498510136284
0,Chromosomes/PS090441/cr00037.000,0.4431352060182033,6.11060140695195,703.8189044035104,457.9622957259668,259.8785715729414
0,Chromosomes/PS090441/cr00036.000,0.9986081651326622,1.9689312634879175,3784.72794721804,621.3986024197441,1556.5496026290941
0,Chromosomes/PS090441/cr00022.000,1.0,8.577452195979536,5345.760165738128,325.95118240322176,1737.4773576821724
0,Chromosomes/PS090441/cr00034.000,0.9973520750249508,11.43133465505946,7905.175981019766,592.4033992696952,2326.629309451989
0,Chromosomes/PS090441/cr00021.000,0.9316292272316067,53.54866217701472,1493.6660488055927,253.83856669889417,272.131166620095
0,Chromosomes/PS090441/cr00035.000,1.0,7.441762161583059,8157.508479207271,601.8735273145589,2754.3971789029074
0,Chromosomes/PS090219/cr00164.000,1.0,13.47705928937604,8025.5087683381225,452.79854737879566,2183.013403831054
0,Chromosomes/PS090219/cr00212.000,0.8135781170744371,11.886062308967512,4906.009395681624,397.7392025736341,1224.373507650666
0,Chromosomes/PS090219/cr00206.000,1.0,8.80081353714865,4773.801828899381,378.0437669050099,1334.10206446552
0,Chromosomes/PS090219/cr00004.000,1.0,9.582728324832324,6966.299419880269,361.6878246779893,2295.111510307304
0,Chromosomes/PS090219/cr00005.000,1.0,11.976099054049849,5958.700975954382,400.8594675882118,1893.5139911075578
0,Chromosomes/PS090219/cr00213.000,0.9499305149875842,7.4134504234898495,5853.57840127177,444.923211606461,1673.627598562721
0,Chromosomes/PS090219/cr00171.000,-0.6139028131419888,14.481483701934355,141.30169699088628,298.5087542358425,17.72045232156833
0,Chromosomes/PS090219/cr00165.000,0.9868748589759861,8.120499053072974,6963.555806322761,415.8946484547092,2110.309150900996
0,Chromosomes/PS090219/cr00173.000,1.0,11.215522108505759,8372.423199359226,364.7270342278115,2503.9145083029644
0,Chromosomes/PS090219/cr00205.000,0.692198655099439,5.094098925258757,6878.906370699563,504.8091889333885,1996.6657640290425
0,Chromosomes/PS090219/cr00013.000,1.0,9.012549496970928,7034.224309132294,431.6061054713357,2118.7679086319295
0,Chromosomes/PS090219/cr00012.000,1.0,6.787475945544102,1388.543939188974,170.6173673206339,469.0022880543049
0,Chromosomes/PS090219/cr00006.000,0.4377164667749951,7.213187647218159,576.5431914050789,357.0439034153185,186.46196827053367
0,Chromosomes/PS090219/cr00204.000,1.0,12.049628406971724,6780.014250267346,540.5308720215226,1871.8242053212118
0,Chromosomes/PS090219/cr00172.000,-0.24172323026271453,22.582571163011135,3330.714675375541,288.1261989516602,817.0665089796802
0,Chromosomes/PS090219/cr00176.000,-5.878110176088601,3.1402647532517087,253.44697569114004,182.32124763991135,101.14013637947119
0,Chromosomes/PS090219/cr00162.000,-2.618805833933788,4.9104788994010455,816.2748331912969,193.02046410298078,312.42065766308144
0,Chromosomes/PS090219/cr00214.000,0.9595769523646027,5.94341959191293,6320.271437883241,432.9196398671909,1908.8344285984367
0,Chromosomes/PS090219/cr00002.000,1.0,21.285467176769732,3848.087770872794,421.61050581274696,1077.4597233062195
0,Chromosomes/PS090219/cr00016.000,1.0,9.53176361259049,5765.467368171696,546.3407294024754,1823.1192961501843
0,Chromosomes/PS090219/cr00017.000,0.6859926123911124,3.4537481703581054,455.48851441481656,409.6980425757829,151.57623847993935
0,Chromosomes/PS090219/cr00003.000,1.0,27.593834778917486,6936.100419579823,350.19753673535934,2157.215850586097
0,Chromosomes/PS090219/cr00215.000,1.0,7.516967060446939,6297.467062495381,482.336714085146,1751.8156384377928
0,Chromosomes/PS090219/cr00163.000,0.9961130511875642,8.086508911945234,6223.365275065969,336.939115719284,1939.6216746933906
0,Chromosomes/PS090219/cr00175.000,1.0,26.677989870624575,6734.078434077228,506.86612284240584,1825.92350385667
0,Chromosomes/PS090219/cr00217.000,0.8187961821465899,3.0770323862845794,276.5799207410299,296.86464084079137,115.62845573473825
0,Chromosomes/PS090219/cr00203.000,1.0,9.095394909126496,7924.795435909837,524.1174608249921,2311.394480455656
0,Chromosomes/PS090219/cr00015.000,1.0,4.597108726078039,7507.304354748489,529.4749392889107,2507.7554869646065
0,Chromosomes/PS090219/cr00014.000,1.0,8.399830665378255,7238.847732357006,491.0893512410979,2166.3532880173175
0,Chromosomes/PS090219/cr00202.000,1.0,8.583701607666704,3701.078732341599,343.8843934634398,1117.7230774841832
0,Chromosomes/PS090219/cr00216.000,0.818062851786667,5.985124967436476,3528.284861167148,462.8988769703175,1010.8173176772914
0,Chromosomes/PS090219/cr00174.000,1.0,8.23036680087977,7772.105674154288,492.6630574004388,2384.1114928859015
0,Chromosomes/PS090219/cr00107.000,-0.11759604578696592,1.2102787177363723,289.99213831473446,417.7723603635326,119.95666661535049
0,Chromosomes/PS090219/cr00113.000,0.8687952976619059,12.403036924580965,6850.7901961496,356.94030520206354,1951.6711399147046
0,Chromosomes/PS090219/cr00073.000,1.0,12.751634146083527,7475.9485436501745,418.43122417026336,2235.617712618312
0,Chromosomes/PS090219/cr00066.000,0.0060384906072838175,7.184817844071586,344.31463585544117,256.23752125954354,97.06924652690367
0,Chromosomes/PS090219/cr00072.000,-3.054875657033629,4.853862209105495,998.1021723623508,217.68780301029096,414.83840143151974
0,Chromosomes/PS090219/cr00112.000,1.0,14.556986305952085,4790.364711531487,332.7752227844528,1297.000873398575
0,Chromosomes/PS090219/cr00106.000,0.49519649306238855,5.526278289815006,4020.380395777098,500.88455767534236,1097.1485361382402
0,Chromosomes/PS090219/cr00104.000,1.0,7.797132412530731,5992.085319789907,429.97024050701543,1847.1362865509934
0,Chromosomes/PS090219/cr00064.000,1.0,6.056081037767073,7406.680190244519,457.67932973843176,2406.942766783143
0,Chromosomes/PS090219/cr00065.000,0.9963456334125963,9.594178902227185,6491.802257740882,469.36484147402655,1841.5704594417928
0,Chromosomes/PS090219/cr00105.000,1.0,9.501506136790951,5535.156352136557,473.5530862073191,1720.1525379187885
0,Chromosomes/PS090219/cr00115.000,0.894839124095084,8.100284494723079,5604.27570410368,392.3552989773434,1571.109317759407
0,Chromosomes/PS090219/cr00075.000,1.0,10.289033921702245,7595.26239637512,514.1557440467195,2293.06576441843
0,Chromosomes/PS090219/cr00074.000,1.0,7.217639648965776,8001.112491283691,475.7002545893525,2560.9094776725938
0,Chromosomes/PS090219/cr00114.000,0.9884749441766603,14.903670155002292,6715.5916312722175,404.92069246974756,1894.8007427325103
0,Chromosomes/PS090219/cr00102.000,1.0,12.439153913429335,4703.569022811288,319.4387478939185,1408.0463232064774
0,Chromosomes/PS090219/cr00116.000,0.3371254044175502,1.9239760190339676,599.9601776340008,335.29225961347106,228.7965484408974
0,Chromosomes/PS090219/cr00076.000,1.0,6.492445001257237,5004.215094590167,491.0640006421139,1539.645732047948
0,Chromosomes/PS090219/cr00062.000,1.0,18.094662605580762,3180.6043725934387,215.20270598170725,1098.501197792659
0,Chromosomes/PS090219/cr00063.000,1.0,10.795785691543081,7745.706521113117,335.59892322840085,2493.48190824578
0,Chromosomes/PS090219/cr00103.000,1.0,9.183611612877314,5720.842900921593,451.53181882569777,1542.0340675397124
0,Chromosomes/PS090219/cr00126.000,1.0,11.960086982219444,6420.032822978204,518.2877789282625,1883.2213064290238
0,Chromosomes/PS090219/cr00132.000,1.0,4.500873787561923,1982.311838220525,176.60800819573922,714.7586689486938
0,Chromosomes/PS090219/cr00085.000,1.0,10.294520650417015,7475.330209861149,452.7268484479921,2335.4039581413986
0,Chromosomes/PS090219/cr00053.000,1.0,7.5178090796599,5785.288398336634,302.2623906690942,1804.2327110961617
0,Chromosomes/PS090219/cr00084.000,1.0,5.1514546478824865,7409.306458218369,529.8658271317234,2265.9757498025974
0,Chromosomes/PS090219/cr00133.000,1.0,8.00179917638758,8464.241151388404,400.98835952077593,2474.0997980588418
0,Chromosomes/PS090219/cr00125.000,1.0,16.17946448686693,7646.694137188824,534.0498052003886,2199.575526983167
0,Chromosomes/PS090219/cr00086.000,1.0,10.711848274401957,6153.166045100787,493.89458927749683,1895.9236162696195
0,Chromosomes/PS090219/cr00092.000,0.6299639897978981,8.64002163061666,2850.973827971189,306.71864900195123,870.2160876062003
0,Chromosomes/PS090219/cr00045.000,0.979625355408605,8.4403769674697,5079.479738514144,525.6781096574884,1647.3134370026717
0,Chromosomes/PS090219/cr00044.000,1.0,7.890679393826798,7331.519014029026,505.38731038340757,2303.883166152445
0,Chromosomes/PS090219/cr00093.000,1.0,6.133967644886342,6716.7834949142325,490.99376360661154,2048.174668487714
0,Chromosomes/PS090219/cr00087.000,0.4668389388988153,95.26001683920677,486.82342085698383,211.36362223939352,89.16666428324828
0,Chromosomes/PS090219/cr00124.000,1.0,9.038106567885823,8161.751074284266,489.5339160418567,2388.214494980053
0,Chromosomes/PS090219/cr00134.000,1.0,8.509300948318977,8896.926906338973,468.06984973258324,2645.130225391567
0,Chromosomes/PS090219/cr00083.000,1.0,8.02840015739309,7674.97432641951,463.9659284430718,2459.117750626357
0,Chromosomes/PS090219/cr00054.000,0.9377860098988078,9.94174358960381,7510.451380199051,401.61509300421585,2146.9040126176296
0,Chromosomes/PS090219/cr00055.000,1.0,16.087131046844277,6723.62765602268,444.06371742218244,2035.452066023623
0,Chromosomes/PS090219/cr00096.000,1.0,8.777273915633431,4477.488898881259,410.7563969431699,1338.6650149604186
0,Chromosomes/PS090219/cr00082.000,1.0,3.9083677539773745,3444.4949040728534,302.41985604644265,1198.5031231226285
0,Chromosomes/PS090219/cr00135.000,0.9993588327526969,8.46306113384428,8629.153004160336,517.1870464942735,2509.9610122742715
0,Chromosomes/PS090219/cr00123.000,1.0,11.693357359505354,7836.989560028244,456.57059985882245,2192.600227533354
0,Chromosomes/PS090219/cr00137.000,-1.77834805317686,16.090936610511516,399.8909058212051,279.5631440250197,172.7070257433181
0,Chromosomes/PS090219/cr00094.000,0.7724871320787192,7.303242250089542,6460.1525195248105,536.407552098223,1831.0305891676971
0,Chromosomes/PS090219/cr00043.000,1.0,9.649366093363584,7555.451620360045,354.6382699399221,2458.803435886874
0,Chromosomes/PS090219/cr00042.000,1.0,12.50756311351538,5142.466847765693,216.57282694175512,1558.7416422995668
0,Chromosomes/PS090219/cr00056.000,-12.539906779654885,6.025943099191763,202.92148417487635,182.34401805521702,73.36621172203948
0,Chromosomes/PS090219/cr00095.000,1.0,14.010184822978472,6834.438666391581,508.0749451967536,1917.3652989973614
0,Chromosomes/PS090219/cr00136.000,1.0,4.2797195261784475,5211.741538951843,548.5763372853619,1716.8125575303143
0,Chromosomes/PS090219/cr00122.000,1.0,7.451911771466345,1903.5168524008416,205.94349148572462,578.5877277601209
0,Chromosomes/PS090219/cr00186.000,1.0,8.007816366697384,4555.2791277541,470.70477663075076,1365.5796565911237
0,Chromosomes/PS090219/cr00192.000,1.0,3.924022985090696,4027.913543454735,301.64083135714634,1465.8405438206794
0,Chromosomes/PS090219/cr00145.000,1.0,5.1527824265792965,7338.807467291424,523.6724615671537,2417.859511943407
0,Chromosomes/PS090219/cr00025.000,1.0,7.149169114413934,7507.484680003738,536.4054306457406,2304.3538853865066
0,Chromosomes/PS090219/cr00024.000,1.0,14.4245775202569,7755.802589609626,474.5996842518391,2403.4803530682093
0,Chromosomes/PS090219/cr00144.000,1.0,21.18402950943011,8720.008026547242,558.6396279927884,2547.3210995505624
0,Chromosomes/PS090219/cr00193.000,1.0,7.14460421802092,8719.93119448567,510.5190409622328,2643.2548071468213
0,Chromosomes/PS090219/cr00185.000,1.0,7.505784779761885,7616.141609436956,535.4373472798491,2228.800007067065
0,Chromosomes/PS090219/cr00152.000,1.0,19.09059227390635,5491.789602956249,246.49075018448843,1535.6895008115098
0,Chromosomes/PS090219/cr00146.000,0.9301019003745276,11.758119141176367,733.7180696300925,380.1591670916664,280.168388398743
0,Chromosomes/PS090219/cr00026.000,1.0,10.242146481842152,5062.562284596114,649.5749189179262,1583.2097808562787
0,Chromosomes/PS090219/cr00032.000,0.2131472632936848,40.34371078697216,2255.0190176220467,265.6083890963931,420.96789948982166
0,Chromosomes/PS090219/cr00033.000,1.0,7.81405905236594,7452.786961758587,418.65371992869484,2358.397301001841
0,Chromosomes/PS090219/cr00027.000,0.749944262985164,4.690455534309344,726.1629569225681,401.81824828696347,239.58322977327114
0,Chromosomes/PS090219/cr00153.000,1.0,14.514750024239698,7765.367173164283,412.04460434227985,2236.309370643768
0,Chromosomes/PS090219/cr00184.000,1.0,14.167770867351459,8670.924897981718,545.9447853606507,2508.1380083375584
0,Chromosomes/PS090219/cr00194.000,1.0,9.25769476848312,8207.547081104241,579.4712276580683,2419.081077899447
0,Chromosomes/PS090219/cr00143.000,1.0,11.24524317743045,8099.586265158234,428.9173987162088,2436.6332195903515
0,Chromosomes/PS090219/cr00023.000,1.0,5.409047382940175,7551.27173208664,371.7540540986323,2446.6914311598957
0,Chromosomes/PS090219/cr00036.000,-0.350912804708916,2.9588691624319057,642.2010619659538,296.42745455540035,257.0277991697183
0,Chromosomes/PS090219/cr00142.000,0.35911553956923553,463.5647041901906,2291.7463100729924,334.65523761232066,351.9176827182747
0,Chromosomes/PS090219/cr00195.000,0.9706583463739348,14.37340366645633,7850.982369373734,527.9131625805627,2138.308822890315
0,Chromosomes/PS090219/cr00183.000,0.9473013404556905,10.190289570289963,8281.89265110455,437.5188476579366,2449.8603786976887
0,Chromosomes/PS090219/cr00197.000,-1.3547727952716124,8.442284758480959,221.89282194614788,282.6840952988093,61.909248919636184
0,Chromosomes/PS090219/cr00154.000,1.0,8.240173427616243,8645.073443843787,500.88084675813235,2674.280798383207
0,Chromosomes/PS090219/cr00034.000,1.0,12.065292254612263,7747.961076458205,563.5554558398205,2272.3381917949646
0,Chromosomes/PS090219/cr00035.000,1.0,8.12695697322772,6825.383638859363,565.3528998517511,2233.210495469114
0,Chromosomes/PS090219/cr00155.000,1.0,6.284697572354646,5326.125114909288,489.81324788511563,1797.2381634652488
0,Chromosomes/PS090219/cr00196.000,1.0,8.887600632925693,5739.603372028038,484.92306087490635,1736.6071416772313
0,Chromosomes/PS090219/cr00182.000,0.624916920630037,3.136467053439598,1117.8092344171498,231.21710397265088,431.184149675197
0,Chromosomes/PS221245/cr00004.000,0.8875020152985293,3.7454691972346383,8491.319348208566,580.618680835812,3694.8087854157297
0,Chromosomes/PS221245/cr00005.000,1.0,2.7668211729910897,8818.662929285234,458.2289920510839,3789.8517797021536
0,Chromosomes/PS221245/cr00007.000,0.1142473067389619,1.8597736606442494,10426.909674380679,400.92886324219864,5831.914107850428
0,Chromosomes/PS221245/cr00006.000,1.0,7.497181158847938,9337.04168127958,287.37074381143407,3575.6857747222925
0,Chromosomes/PS221245/cr00002.000,-1.7912299059499164,5.357267820629297,1993.362155615673,315.21891013199,598.6821635386602
0,Chromosomes/PS221245/cr00016.000,1.0,4.191210207384543,9928.898140343363,161.35212873804858,4218.531505710173
0,Chromosomes/PS221245/cr00017.000,1.0,3.39137483503206,10075.455492113884,201.93619427172382,4202.014167959989
0,Chromosomes/PS221245/cr00003.000,-0.4786295311922699,2.8193115762101026,3854.6629665640867,504.67467247647835,2217.847525156349
0,Chromosomes/PS221245/cr00015.000,1.0,3.896067015864626,9866.991825818006,181.5222233121508,4094.6685194287847
0,Chromosomes/PS221245/cr00014.000,1.0,2.7901602140898243,10274.10757094203,188.3144822669566,4492.302844859994
0,Chromosomes/PS221245/cr00028.000,-0.2448046198880621,7.639695410541006,889.0803297520146,519.6435604997218,258.38984149761427
0,Chromosomes/PS221245/cr00073.000,0.99187461481397,5.3515766959933035,4308.785246704928,539.6031720965873,1549.4546005654547
0,Chromosomes/PS221245/cr00067.000,0.45674298035512845,2.2160273611715184,2394.4361246735352,523.4439548138687,1151.2764245590995
0,Chromosomes/PS221245/cr00066.000,1.0,5.974028927088996,8578.954206076354,364.360066961504,3122.9681322780616
0,Chromosomes/PS221245/cr00072.000,-0.2544690127507453,3.735501772696017,1083.3665339877177,253.45662552115925,252.10367184140944
0,Chromosomes/PS221245/cr00064.000,1.0,4.8361703633425845,8052.493704958326,371.9913402147113,2636.5194757526697
0,Chromosomes/PS221245/cr00065.000,1.0,6.850129600333768,8670.12021339926,280.2102764216479,2973.4575197861577
0,Chromosomes/PS221245/cr00075.000,1.0,3.4781556269009957,9670.741021498232,233.1726152272422,3962.784779867621
0,Chromosomes/PS221245/cr00074.000,1.0,4.211936086509739,7430.106152037397,477.45581579884913,2598.484537290357
0,Chromosomes/PS221245/cr00076.000,1.0,2.2096389642187275,9559.271696284863,273.9869837983766,4480.066034010134
0,Chromosomes/PS221245/cr00062.000,-4.361161895300745,7.3962829570164255,1169.8731830437343,230.03955228188988,377.42737504923537
0,Chromosomes/PS221245/cr00063.000,1.0,7.227540698010216,5783.882462161906,455.70268784521875,1824.0778410347784
0,Chromosomes/PS221245/cr00077.000,-0.1466347396868588,1.1982795053988324,2582.507155039763,467.7167499698751,1371.9554460119132
0,Chromosomes/PS221245/cr00085.000,1.0,3.284804868913679,9924.351190034064,167.84126970474676,4753.915697351885
0,Chromosomes/PS221245/cr00052.000,-0.42639006560614123,16.642184922736046,862.480044476032,257.867991120973,167.64822699961258
0,Chromosomes/PS221245/cr00046.000,1.0,3.304637808420289,9700.809398473048,244.32537629114677,4081.017782030185
0,Chromosomes/PS221245/cr00047.000,0.06661630689509467,1.12095634078291,2949.5393692347207,522.2809179225311,1721.295097275256
0,Chromosomes/PS221245/cr00053.000,0.8613372151963545,2.247873898240864,3986.9701773230568,367.73935430623055,1679.8193799981798
0,Chromosomes/PS221245/cr00084.000,1.0,3.8349542899339575,8636.292885849047,236.56633659720967,3328.99401831658
0,Chromosomes/PS221245/cr00086.000,0.9852640667363082,2.4531260985417322,9907.605039867605,248.68812820796632,4996.334867758965
0,Chromosomes/PS221245/cr00092.000,0.510480157005966,12.725163017489782,1187.8105609879688,214.13796036484644,251.86671861431464
0,Chromosomes/PS221245/cr00045.000,1.0,5.785109894820119,9061.875820319561,222.2158791534889,3571.164729550666
0,Chromosomes/PS221245/cr00044.000,1.0,3.694700128001791,9472.05732338618,439.73609913347343,3507.0689025415586
0,Chromosomes/PS221245/cr00093.000,0.3592104140646736,10.126926857247396,6306.092948033203,520.2157459731254,2042.8371531036837
0,Chromosomes/PS221245/cr00087.000,0.5284994520188707,5.511146496228233,284.57782782665737,383.5520754664807,79.73684132408957
0,Chromosomes/PS221245/cr00083.000,-0.9589120384755635,1.9120552105272204,5114.064497032478,371.5202824266239,2908.077676183337
0,Chromosomes/PS221245/cr00054.000,0.7181396120827758,2.5516883604065397,5863.281284597516,302.2802011713014,1999.4601063225991
0,Chromosomes/PS221245/cr00055.000,1.0,11.709430727443438,8322.953985128452,266.2070101008479,2731.9549924308426
0,Chromosomes/PS221245/cr00096.000,0.920098708743816,28.22892605449755,10794.082850191115,457.22806253402166,4110.299512434246
0,Chromosomes/PS221245/cr00094.000,1.0,6.25252232857564,9679.829970915735,222.0156406571482,4013.1136078162667
0,Chromosomes/PS221245/cr00057.000,0.05402542360363644,1.2714415231772256,1489.4807926921894,477.57283060985355,774.0066765639133
0,Chromosomes/PS221245/cr00043.000,1.0,5.150777662924292,4788.841330768362,548.5360301297085,2170.46191513893
0,Chromosomes/PS221245/cr00042.000,-1.2980530910079533,4.4067593533479,1511.7727639992604,207.56080822904187,495.6878929462745
0,Chromosomes/PS221245/cr00056.000,1.0,5.096600266455105,8767.242698183749,327.2932087991496,3176.771461503893
0,Chromosomes/PS221245/cr00025.000,1.0,11.493462378633057,8908.361511744524,152.3785847928997,3322.630376453695
0,Chromosomes/PS221245/cr00018.000,-0.10117081432824693,25.673814689128662,430.81534258025687,341.87780431476426,84.71339466216108
0,Chromosomes/PS221245/cr00024.000,1.0,31.93198947377269,9789.18380614752,197.2841080614611,3910.8793019330396
0,Chromosomes/PS221245/cr00032.000,0.9702613180448677,5.636662665874214,1007.2130411348843,238.1353344945004,356.56179578299566
0,Chromosomes/PS221245/cr00033.000,1.0,4.889388597296457,8199.068066396823,458.4702452644815,3536.8579313943137
0,Chromosomes/PS221245/cr00027.000,0.17346845774377154,12.002951724991117,8589.87936228329,411.0651593022792,2134.66956519659
0,Chromosomes/PS221245/cr00023.000,0.8636338681665857,41.01622919137229,8683.593017080344,287.2397963825881,2979.567503573873
0,Chromosomes/PS221245/cr00037.000,-0.6926058597671954,11.776470306947218,237.1307961711312,574.4011283137816,43.90214734562184
0,Chromosomes/PS221245/cr00036.000,0.0343282638743475,4.227384153205543,9682.97695924759,540.1652803690124,3188.602559733765
0,Chromosomes/PS221245/cr00022.000,-14.656161037217423,17.491407582227435,1009.7615416755125,204.35954716796095,328.3312267427332
0,Chromosomes/PS221245/cr00008.000,0.14355642807219643,1.453858807877553,2405.920940673106,338.6255407084434,1224.6502722219689
0,Chromosomes/PS221245/cr00034.000,-0.4861152101574867,300.1527034202656,9081.343628704895,217.0125317889075,3040.5209484520606
0,Chromosomes/PS221245/cr00035.000,1.0,13.311440596270899,8605.859407906804,319.9923984283854,3287.6476635303434
0,Chromosomes/PS091226/cr00004.000,1.0,3.301506506130451,2780.404071391333,261.13721483907045,1048.0593740930833
0,Chromosomes/PS091226/cr00038.000,1.0,5.405882838306162,5038.846724715461,563.9330354833112,1563.6676309638353
0,Chromosomes/PS091226/cr00039.000,0.9352541092800679,2.5995997644933637,941.8092842371169,392.28052172346815,380.0043512508718
0,Chromosomes/PS091226/cr00005.000,1.0,50.212763784541714,5120.049321260933,447.75015872874746,1377.4786125272394
0,Chromosomes/PS091226/cr00007.000,0.9993892670144104,10.939743998040687,5552.3940867903475,395.814741821461,1651.498943650701
0,Chromosomes/PS091226/cr00006.000,1.0,13.82513772824086,5926.028756971409,398.21116718121993,1686.9603737394707
0,Chromosomes/PS091226/cr00016.000,1.0,8.826527692991858,6935.949692603379,506.23405215401124,2042.0758034710204
0,Chromosomes/PS091226/cr00017.000,1.0,15.314097867694462,6059.268375842923,529.651114327849,1789.8919335559847
0,Chromosomes/PS091226/cr00029.000,0.6904872118818791,7.758350130554754,1541.4409407532207,396.6472374127994,481.9546276478109
0,Chromosomes/PS091226/cr00015.000,1.0,7.7897184268462665,6712.937263843901,493.2378681638085,2024.402076697397
0,Chromosomes/PS091226/cr00014.000,1.0,3.5856103341470176,2977.764564160537,354.07446963312486,1062.756448621937
0,Chromosomes/PS091226/cr00028.000,1.0,7.79514998010597,5524.432393169,563.2762771980739,1622.8613898584952
0,Chromosomes/PS091226/cr00073.000,0.9887886250362505,6.438155558173233,1452.651130700062,502.05031793024847,458.18563061431803
0,Chromosomes/PS091226/cr00067.000,1.0,8.522377795468048,6162.404419726298,616.8817157265439,1926.6258783583608
0,Chromosomes/PS091226/cr00066.000,1.0,25.30011385420097,7306.824890802503,609.6497637594553,2051.36777008914
0,Chromosomes/PS091226/cr00072.000,1.0,4.456827072768042,538.2387781944287,615.6314815385031,179.53878042488788
0,Chromosomes/PS091226/cr00064.000,1.0,4.483109630175845,2014.348710778044,681.083175453801,784.9694178595868
0,Chromosomes/PS091226/cr00058.000,1.0,7.837540253488359,5833.670033975681,531.7784688266152,1680.2143710654907
0,Chromosomes/PS091226/cr00059.000,1.0,14.191504622414646,2513.688059160065,466.7911312567965,725.7767277105949
0,Chromosomes/PS091226/cr00065.000,1.0,12.48257410418271,6428.231127552072,657.1391708537525,2050.7408858177537
0,Chromosomes/PS091226/cr00049.000,0.7553781414715226,3.7603683345724517,742.1943854706064,441.5465185180906,274.03861197432593
0,Chromosomes/PS091226/cr00075.000,1.0,8.784277858709789,7075.946895980436,741.6023552139341,2064.8704907294236
0,Chromosomes/PS091226/cr00074.000,1.0,7.967600645750531,5222.110427794552,718.5912592601834,1661.4475653282082
0,Chromosomes/PS091226/cr00060.000,-2.899088131226453,1.8319458362373506,277.8128028010095,295.3286705791305,113.87081441570264
0,Chromosomes/PS091226/cr00048.000,0.9771276745070709,6.244321467792862,5108.457919925184,578.6457017658619,1519.2138721821652
0,Chromosomes/PS091226/cr00089.000,1.0,6.536017372951241,597.9749384062725,488.1455880865816,185.28802107669964
0,Chromosomes/PS091226/cr00076.000,1.0,5.8912714884306725,7553.352444963821,742.6315485373864,2297.790679140069
0,Chromosomes/PS091226/cr00063.000,-0.36866034927114405,4.343588818534649,511.0973446357448,368.95097407426044,142.5953454401269
0,Chromosomes/PS091226/cr00077.000,1.0,19.481752410160798,5570.409778222598,709.862636935853,1364.091893502654
0,Chromosomes/PS091226/cr00088.000,1.0,33.09301183361789,5003.857685978752,591.982590962197,1319.4843774336748
0,Chromosomes/PS091226/cr00085.000,1.0,8.95879269285263,5786.359361068694,747.0919246613348,1688.8851512959257
0,Chromosomes/PS091226/cr00046.000,1.0,11.056922903418554,6338.655511209454,626.0519346016295,1734.5398551990402
0,Chromosomes/PS091226/cr00047.000,0.9524656167746473,9.377383943098888,6528.039029342245,563.2772293970474,1831.4435207926829
0,Chromosomes/PS091226/cr00053.000,-7.885602661476957,3.2688804354249026,280.78212975293326,237.68669059500553,108.74004778932256
0,Chromosomes/PS091226/cr00084.000,1.0,11.10611423232258,2711.3870425512996,511.74846951015434,885.7822419001321
0,Chromosomes/PS091226/cr00090.000,0.5936629626616643,3.947044158499757,356.9830050178237,419.1841702281055,106.96884389516967
0,Chromosomes/PS091226/cr00086.000,1.0,7.754953040942364,6454.82553320678,762.5197777172825,1830.2842041295196
0,Chromosomes/PS091226/cr00045.000,1.0,11.012555689836535,6879.812043216,558.0946450527579,1989.5553819146046
0,Chromosomes/PS091226/cr00079.000,0.818341129055718,1.4443102463156485,603.2103514753875,327.45531521222085,229.13319180968438
0,Chromosomes/PS091226/cr00078.000,1.0,12.015712396443059,5582.569876332014,499.91493674422765,1645.4863063808596
0,Chromosomes/PS091226/cr00044.000,1.0,8.925008082595859,4158.742418820596,435.01286846389416,1266.958489564422
0,Chromosomes/PS091226/cr00087.000,1.0,9.388409500035722,5963.935625488119,731.163006151245,1708.2210753091388
0,Chromosomes/PS091226/cr00083.000,0.6961720463632981,6.170269658717721,614.7616569990582,528.0596812205799,193.6504221059476
0,Chromosomes/PS091226/cr00068.000,1.0,7.16727011071768,5130.943250367216,512.3690641327338,1523.3445526904197
0,Chromosomes/PS091226/cr00054.000,1.0,35.38312559656014,3674.425932356375,399.41404931025374,1122.0416292733635
0,Chromosomes/PS091226/cr00055.000,1.0,7.891030991488393,6651.253637765005,521.7065268901804,1904.7994257132173
0,Chromosomes/PS091226/cr00069.000,1.0,3.455050958600092,1431.5526501365548,340.9961330534262,533.2756845449213
0,Chromosomes/PS091226/cr00082.000,1.0,3.730535745507687,414.15048744022164,565.5213686101107,137.77731215732007
0,Chromosomes/PS091226/cr00057.000,1.0,14.509058091287454,6070.659552679323,543.6409273971783,1702.630039733921
0,Chromosomes/PS091226/cr00056.000,1.0,11.921153270068077,5972.792488091252,580.2065492869153,1654.1810014964917
0,Chromosomes/PS091226/cr00025.000,1.0,10.25712615177824,7031.955783888361,564.7582442733953,2031.923941706574
0,Chromosomes/PS091226/cr00019.000,1.0,8.941655833243608,3005.9662867446423,440.18980676368153,877.2930694754652
0,Chromosomes/PS091226/cr00018.000,1.0,9.090303887716843,6589.898045285547,503.0816784615659,1959.6299283713763
0,Chromosomes/PS091226/cr00024.000,1.0,30.563346786541544,4509.3974512869045,457.424612862934,1429.6189207006425
0,Chromosomes/PS091226/cr00026.000,1.0,8.438786607327753,6770.6839296764665,596.8584268099398,1997.8735129507488
0,Chromosomes/PS091226/cr00027.000,1.0,10.281023667146114,6239.126782111269,562.9165739284376,1768.6233345017388
0,Chromosomes/PS091226/cr00023.000,-6.1033083408186934,1.3091496168189876,285.2558682520763,195.6273368327369,138.11270744506743
0,Chromosomes/PS091226/cr00037.000,1.0,12.411651247449903,6779.398810383244,593.7279385836043,1971.2876721206849
0,Chromosomes/PS091226/cr00036.000,1.0,9.646973391982124,6713.347957043105,620.9291373884535,1908.2267628375691
0,Chromosomes/PS091226/cr00008.000,1.0,13.566543066678955,3761.9510470354335,337.68238876314444,1032.347867617418
0,Chromosomes/PS091226/cr00034.000,1.0,9.593785679546126,3868.338358825306,424.72575337161004,1240.14882059839
0,Chromosomes/PS091226/cr00020.000,0.20494193020856938,11.619687118522537,247.30307630200218,348.50036015765625,70.47162094943516
0,Chromosomes/PS091226/cr00035.000,1.0,7.765784792558585,7151.4257685964485,567.1629429643347,2120.8147794476445
0,Chromosomes/PS220307/cr00004.000,1.0,5.000079714286708,10898.962030670877,360.16420962038353,4980.326757914431
0,Chromosomes/PS220307/cr00038.000,0.708765935165191,5.070019599602653,583.6451949514534,610.2835808139675,199.0653321142806
0,Chromosomes/PS220307/cr00005.000,0.9580934720157561,5.655028969474174,9234.361822890916,276.2175187796213,3422.4095922687197
0,Chromosomes/PS220307/cr00007.000,-0.8666278194816227,6.185224786246357,3317.745551995375,415.39041697158564,1662.4342917247957
0,Chromosomes/PS220307/cr00013.000,1.0,17.125351643216817,10579.707649148304,390.6080414572907,4563.294268025909
0,Chromosomes/PS220307/cr00006.000,0.9549538336737204,9.58403125819291,9559.910607457989,429.6089716542498,3259.788232732697
0,Chromosomes/PS220307/cr00016.000,1.0,2.3662272847249706,9713.497990511187,258.62657741723206,4185.1391437939965
0,Chromosomes/PS220307/cr00017.000,0.42897079234786367,1.731040741815027,9345.168337237381,530.1183979077907,4795.397883061984
0,Chromosomes/PS220307/cr00003.000,1.0,8.283572031145557,7386.336737141079,319.1292275256277,2585.781822010399
0,Chromosomes/PS220307/cr00015.000,1.0,2.202368834526646,9441.604425918515,305.3205655011593,3769.9264550324015
0,Chromosomes/PS220307/cr00014.000,1.0,3.42229365216131,10230.158952440894,319.91556797042017,4575.160118529285
0,Chromosomes/PS220307/cr00028.000,0.6218820300893689,2.230780028455475,404.0743808666007,524.5390354440635,165.48459817798437
0,Chromosomes/PS220307/cr00067.000,1.0,2.524450438089045,9351.571116666555,406.01914666785433,4144.979416530508
0,Chromosomes/PS220307/cr00066.000,1.0,1.7521509352606321,9061.303415303919,221.71353161655816,3775.570279513985
0,Chromosomes/PS220307/cr00064.000,1.0,3.8795209485678677,9764.886085097984,403.8873978508873,3856.4661474174145
0,Chromosomes/PS220307/cr00058.000,0.7729069513202415,3.400734373195137,330.3467472831121,357.3461176189138,109.76318161602944
0,Chromosomes/PS220307/cr00065.000,1.0,1.7798213967150347,9284.657082909114,239.56349792073752,3838.807306877394
0,Chromosomes/PS220307/cr00049.000,0.6669903919932344,1.726440542223659,275.7196691797644,382.2580672013863,104.61130635938419
0,Chromosomes/PS220307/cr00048.000,0.9996491638246101,10.546956611661502,495.31770210780496,572.594992444409,175.33424253272537
0,Chromosomes/PS220307/cr00062.000,-0.8209267136802034,1.9473508322745825,56.858902243156734,416.8865459347044,20.796979325463788
0,Chromosomes/PS220307/cr00046.000,1.0,2.712504208123575,9126.628269031613,264.4986816175897,3604.339315894408
0,Chromosomes/PS220307/cr00047.000,0.9919514111622171,8.138314667581893,7574.266713921965,677.3533453147373,3295.459854648798
0,Chromosomes/PS220307/cr00045.000,1.0,4.343913748707944,9836.644015198335,294.783882076641,3918.7228776312513
0,Chromosomes/PS220307/cr00044.000,1.0,3.287450197624382,9003.577144371939,399.78611069192266,3610.067453868163
0,Chromosomes/PS220307/cr00054.000,1.0,10.617788384916636,9586.193127466802,367.13948822622547,3700.739326922272
0,Chromosomes/PS220307/cr00055.000,1.0,34.494052016757074,9869.033323042984,294.51580987972534,3743.7721268667324
0,Chromosomes/PS220307/cr00057.000,1.0,36.28353441488641,772.46912064263,540.0074196747141,183.70498487788257
0,Chromosomes/PS220307/cr00043.000,-1.3318200641477413,30.926669292382357,2446.0540545784215,394.28376043863057,426.27205802038986
0,Chromosomes/PS220307/cr00056.000,1.0,2.1937110954528074,9599.284058112615,350.7828697631709,4279.734932306613
0,Chromosomes/PS220307/cr00025.000,1.0,2.975452957117448,9727.906778517498,273.4025711204963,4073.5845967131786
0,Chromosomes/PS220307/cr00024.000,1.0,3.3312279370630233,10022.413879021618,413.98964782160283,4691.411356347018
0,Chromosomes/PS220307/cr00026.000,1.0,1.9621143356878674,9895.286783169353,343.00390608801126,4520.0142042352945
0,Chromosomes/PS220307/cr00033.000,1.0,26.3311384436084,4899.851297390427,330.6179144504631,1925.4988137723906
0,Chromosomes/PS220307/cr00027.000,0.5242542897208564,4.467578740943324,7305.932667715145,655.7699394487247,3538.031024970309
0,Chromosomes/PS220307/cr00023.000,1.0,14.12765624286555,8763.291019168697,361.68113484963897,2905.8190088354204
0,Chromosomes/PS220307/cr00037.000,1.0,3.724073560368184,8668.396959949494,611.2455116998758,3957.404642760127
0,Chromosomes/PS220307/cr00036.000,1.0,1.9951761254198326,9099.936846935587,327.0003538156209,3689.541800818806
0,Chromosomes/PS220307/cr00034.000,1.0,2.2237404479479803,9628.64321091869,443.23960450846766,4302.013340492846
0,Chromosomes/PS220307/cr00035.000,1.0,3.9236510691607314,8951.948858171752,267.1352068272373,3536.9191093822333
0,Chromosomes/PS220340/cr00004.000,-0.009455403688625248,32.891925393996104,6921.118261097588,672.0421071980663,1607.5849191342509
0,Chromosomes/PS220340/cr00005.000,-0.5237356606958461,10.519101803445906,6758.110789615462,520.4844673430061,1585.3326439407742
0,Chromosomes/PS220340/cr00013.000,1.0,13.950778539354717,9718.851171075357,177.6946834743752,3486.992012071369
0,Chromosomes/PS220340/cr00012.000,1.0,17.436648414263328,8637.225290784,203.94789521013934,3973.8361564076586
0,Chromosomes/PS220340/cr00002.000,0.6731123059315682,3.735214076452736,1695.0294242128991,185.3299624606351,684.1903616997452
0,Chromosomes/PS220340/cr00016.000,1.0,7.630150640652507,9236.380840535256,320.8262879818251,4747.6330886287615
0,Chromosomes/PS220340/cr00003.000,-0.7648979855921008,16.287298784453252,5791.209165110968,503.9853313100099,1173.4250273347543
0,Chromosomes/PS220340/cr00015.000,1.0,21.998599064478565,9399.746791127167,169.2125882076566,3526.7464312333427
0,Chromosomes/PS220340/cr00014.000,1.0,7.196264374898929,9250.35500906342,186.1687309193436,3247.9170226184333
0,Chromosomes/PS220340/cr00073.000,0.8447291217942302,2.4032253173208313,7502.04889463415,333.6818701055505,3607.8032358162613
0,Chromosomes/PS220340/cr00066.000,1.0,5.481188330936527,7283.203070986454,497.6187954301485,3423.8481767025623
0,Chromosomes/PS220340/cr00064.000,1.0,2.9838822808077254,9909.64678605077,160.6669815088418,4506.0282237657075
0,Chromosomes/PS220340/cr00065.000,1.0,4.492881619877917,10222.894162409351,177.8537201996104,4681.908275928031
0,Chromosomes/PS220340/cr00075.000,0.9477218187162704,1.9961443775390755,9522.448821884751,213.4820102427202,4536.997782754475
0,Chromosomes/PS220340/cr00074.000,1.0,14.641910861123481,10305.537392111986,240.5653911472159,4593.807514296655
0,Chromosomes/PS220340/cr00076.000,0.14630281929946334,1.7572374130785124,5740.700724052897,428.88744828315623,2888.8794489740876
0,Chromosomes/PS220340/cr00062.000,1.0,2.9044272910206295,2982.525335666712,263.79902123732177,1162.0231142409384
0,Chromosomes/PS220340/cr00063.000,1.0,3.194051270418516,10070.122291630552,308.9518279437067,4233.99348168761
0,Chromosomes/PS220340/cr00085.000,1.0,3.7672711913106722,9921.49527607884,258.75079718887196,4517.28162768277
0,Chromosomes/PS220340/cr00052.000,1.0,11.547332435457712,3844.257376442554,208.62841884050692,1007.9044319350909
0,Chromosomes/PS220340/cr00046.000,1.0,2.4608805397177647,9993.80946496777,241.03892450336582,4655.6368382956625
0,Chromosomes/PS220340/cr00053.000,0.9213824045692921,3.6425691549302903,10791.272340565467,395.9805879945711,5239.065004139857
0,Chromosomes/PS220340/cr00084.000,1.0,1.9072797253923441,9743.402197275425,267.62976454466764,4279.099859343002
0,Chromosomes/PS220340/cr00086.000,0.05478658525370912,2.327605614287469,5699.716256618682,358.5003225593963,2797.301379785713
0,Chromosomes/PS220340/cr00045.000,0.9142194268812252,8.711435340216399,9141.314590655993,261.6319369440372,3111.314851552061
0,Chromosomes/PS220340/cr00044.000,1.0,10.502523071577828,9671.267945130568,232.60358214930386,3968.517223024412
0,Chromosomes/PS220340/cr00083.000,1.0,2.9549565240665987,5391.383263469015,249.79242445321893,2557.724572166816
0,Chromosomes/PS220340/cr00054.000,1.0,3.5740480680781146,9400.099368613966,221.17689379418107,3697.5732486841675
0,Chromosomes/PS220340/cr00055.000,1.0,3.4149628297345296,9752.631485779317,215.10789131837805,3909.8880463471346
0,Chromosomes/PS220340/cr00043.000,0.502496980994509,2.2030498904433413,8770.779858549382,419.0893846677352,4254.43019871777
0,Chromosomes/PS220340/cr00042.000,0.9998898102446322,1.88411173764222,2564.053699633428,225.03765134558842,1052.8026001164835
0,Chromosomes/PS220340/cr00056.000,1.0,10.661123494241242,9846.456240996302,456.4919791167597,5096.473430232664
0,Chromosomes/PS220340/cr00025.000,1.0,2.898181690498003,9721.541854455052,178.4412073711568,4393.060573156276
0,Chromosomes/PS220340/cr00024.000,1.0,13.761098958937682,9474.521336744008,187.54822206783342,2989.3868303207228
0,Chromosomes/PS220340/cr00026.000,1.0,4.761068267382911,9916.659143807366,247.5973452427138,4614.442947734201
0,Chromosomes/PS220340/cr00032.000,-0.11886333798888829,4.714058159349522,4502.318332581062,308.8311878670502,1244.4211373310281
0,Chromosomes/PS220340/cr00033.000,1.0,2.6399638950135027,9905.824407028076,411.0997595437243,4623.422402948648
0,Chromosomes/PS220340/cr00027.000,-1.0570397489096117,20.20386474598699,102.22383039266796,400.7924794586197,21.21479780013824
0,Chromosomes/PS220340/cr00023.000,1.0,10.301178299812966,9625.675367193418,209.0170659277661,3564.204918614696
0,Chromosomes/PS220340/cr00037.000,0.5557778501765613,6.891386677976408,1611.6317156037069,173.69358196984444,558.9157563805522
0,Chromosomes/PS220340/cr00036.000,1.0,2.5272631274661497,9629.804874748115,278.6405493383845,4643.522222430866
0,Chromosomes/PS220340/cr00022.000,1.0,5.374518007746481,7492.169557139357,207.19355032197188,3467.583379914184
0,Chromosomes/PS220340/cr00034.000,1.0,5.461677431671742,8978.017046459512,270.8401268554584,3218.7538369906897
0,Chromosomes/PS220340/cr00035.000,0.9343557875202347,7.781529696218264,7994.360193830426,250.56498907482626,2847.38750038041
0,Chromosomes/PS220520/cr00004.000,1.0,12.922332312887647,9886.249053123784,227.72784408807797,3959.0647263807605
0,Chromosomes/PS220520/cr00005.000,1.0,5.432661064973112,9581.605596197765,283.4959708977474,3597.0469051744753
0,Chromosomes/PS220520/cr00006.000,1.0,11.741919640778029,5586.415045620115,215.42035444006638,1736.7938216272953
0,Chromosomes/PS220520/cr00017.000,1.0,2.6644762934299235,10026.487908539048,343.25085250465975,4838.963736568645
0,Chromosomes/PS220520/cr00003.000,1.0,10.252287806154328,9615.355017640948,259.89795651705606,3349.249546975201
0,Chromosomes/PS220520/cr00029.000,-0.6881821430706999,6.068471162022271,62.70640980565767,397.16815402181305,24.593834156927574
0,Chromosomes/PS220520/cr00015.000,0.5651369088720646,31.48738571911139,6246.2521531281545,259.4909042356908,1207.1581309099508
0,Chromosomes/PS220520/cr00028.000,-1.5902069201850106,7.026806764852723,60.27500302679164,172.74591402177907,18.954827987433674
0,Chromosomes/PS220520/cr00067.000,-0.5882982377505767,1.8900446645896043,1403.2696179649404,447.1094188636597,865.259438625933
0,Chromosomes/PS220520/cr00066.000,1.0,17.91593621007125,5812.320216646967,289.8282943722644,1377.6775919690808
0,Chromosomes/PS220520/cr00064.000,-1.56411852820933,83.0884131606087,8078.834061612792,237.3560556966246,1802.8291191946937
0,Chromosomes/PS220520/cr00062.000,0.9645693159867668,151.31046910972842,9615.391276529483,263.1420922707367,2481.0700739215827
0,Chromosomes/PS220520/cr00063.000,1.0,8.773770192759414,9344.75176885446,150.3423777134708,4248.806184276037
0,Chromosomes/PS220520/cr00052.000,1.0,9.155455630999459,10089.69924747675,174.9531136240812,4829.183064522232
0,Chromosomes/PS220520/cr00046.000,1.0,28.67514638948954,8340.560035169246,210.99063948212597,2338.5114916682346
0,Chromosomes/PS220520/cr00047.000,0.5931681875904101,22.1407675084691,7325.206033371873,383.6816350254934,1507.5599184429777
0,Chromosomes/PS220520/cr00044.000,1.0,11.734687629738332,7786.664230935935,192.12009892642834,2290.6547288775587
0,Chromosomes/PS220520/cr00054.000,1.0,43.45582669614934,5765.17934720418,310.1251450396627,1189.6178601567754
0,Chromosomes/PS220520/cr00055.000,-0.8334470900642428,20.148565188672073,7381.959399478205,264.3290273413951,1381.270524915513
0,Chromosomes/PS220520/cr00057.000,-0.31043857017828014,4.596329571465293,3589.018948985018,674.0206486320399,1283.592115020873
0,Chromosomes/PS220520/cr00042.000,1.0,13.593935054017795,8352.806522969826,196.61602544453729,2539.519014208854
0,Chromosomes/PS220520/cr00056.000,0.5704013165132604,5.06925321751417,7720.673380028458,428.2228733784027,2440.545846516899
0,Chromosomes/PS220520/cr00024.000,1.0,12.098006644860762,9206.724326485895,191.79847268134836,3062.3775262570875
0,Chromosomes/PS220520/cr00026.000,1.0,21.733300550622754,9001.47199134929,161.56901332343705,3177.6651278490153
0,Chromosomes/PS220520/cr00032.000,0.961499146608548,18.455428645808983,8528.978396167728,167.60279650839993,2651.1838779178224
0,Chromosomes/PS220520/cr00027.000,1.0,10.453391216636916,9628.777318385313,247.21435568176355,4421.103269036406
0,Chromosomes/PS220520/cr00023.000,1.0,10.455873825560754,8400.513861930222,198.87476087759956,2739.6347809939784
0,Chromosomes/PS220520/cr00037.000,1.0,3.562171148618519,9843.400508500636,193.71515560536886,3940.820466364088
0,Chromosomes/PS220520/cr00036.000,0.24601937766455517,9.826571881932868,6453.9826452236475,238.67030215903685,1510.8199783468765
0,Chromosomes/PS220520/cr00022.000,0.9889273364935132,60.76697101279294,6347.13754637477,228.15554816462384,1815.8796714319508
0,Chromosomes/PS220520/cr00020.000,-0.7888131786455894,4.662929186387428,82.23622130900316,258.77604328188704,27.110751428613636
0,Chromosomes/Chromosome_PS161143/cr00164.000,1.0,3.9324144083158856,10596.33380970874,215.620629545636,5335.84506858313
0,Chromosomes/Chromosome_PS161143/cr00212.000,0.9150523419259831,6.8471318569271995,8259.289097786033,300.1053588279906,2444.746217574323
0,Chromosomes/Chromosome_PS161143/cr00206.000,1.0,8.0805903360527,10800.781403436613,205.44529095969438,4657.145285217363
0,Chromosomes/Chromosome_PS161143/cr00010.000,1.0,49.26536338189124,11145.92567048634,178.72538457854353,5348.851593584909
0,Chromosomes/Chromosome_PS161143/cr00004.000,-0.03815692424424059,1.5811679742214864,2794.2775409750866,684.8533834152233,1298.7657121984116
0,Chromosomes/Chromosome_PS161143/cr00005.000,-0.7278397829893372,11.559942611647378,8567.511401125448,602.8395459744063,2096.9326368379
0,Chromosomes/Chromosome_PS161143/cr00011.000,1.0,8.259377315466894,10106.565602716579,232.99967653853741,3972.270197346381
0,Chromosomes/Chromosome_PS161143/cr00207.000,1.0,5.131117712547464,10032.799393728312,183.53629771437625,4433.370810789754
0,Chromosomes/Chromosome_PS161143/cr00213.000,1.0,21.316856515843007,6215.06672687387,216.91259439697694,1835.344116386108
0,Chromosomes/Chromosome_PS161143/cr00165.000,1.0,8.150036788956308,10439.445910130336,159.94042915423142,4882.402459712501
0,Chromosomes/Chromosome_PS161143/cr00173.000,-0.05361959623435435,2.3276966485641495,10380.91281907421,477.7745138614974,6173.618984438712
0,Chromosomes/Chromosome_PS161143/cr00205.000,1.0,6.693912727182285,9884.837455520063,235.44685565572524,4556.432075411105
0,Chromosomes/Chromosome_PS161143/cr00211.000,1.0,5.548127641034285,9699.117681493404,274.8364505978067,3786.126762773116
0,Chromosomes/Chromosome_PS161143/cr00007.000,1.0,7.241274818925505,10111.034154330322,211.9831982751391,4716.457458727765
0,Chromosomes/Chromosome_PS161143/cr00013.000,1.0,6.535691018078379,9002.845214774357,251.64922254594796,3497.4114980508566
0,Chromosomes/Chromosome_PS161143/cr00012.000,1.0,3.6713554119064664,8636.427277260475,263.4968537683843,3486.148164925454
0,Chromosomes/Chromosome_PS161143/cr00006.000,1.0,3.280093837923821,9218.46914102795,282.52513971003737,4523.7922231647735
0,Chromosomes/Chromosome_PS161143/cr00210.000,1.0,14.229061663705782,10677.475312969133,255.06048043499084,4202.463385906455
0,Chromosomes/Chromosome_PS161143/cr00204.000,1.0,3.5224030217206828,10882.658251906596,286.0446607821733,5741.5191782502225
0,Chromosomes/Chromosome_PS161143/cr00172.000,1.0,4.2333645979709384,10651.236283216085,185.50674570593412,5236.269328011647
0,Chromosomes/Chromosome_PS161143/cr00162.000,-2.8788304806942637,5.215629191388287,2567.255158920271,570.528190957503,1319.307850457979
0,Chromosomes/Chromosome_PS161143/cr00200.000,0.3445295347020405,1.621579610916679,135.11040887015497,354.0566830208768,54.206640694525916
0,Chromosomes/Chromosome_PS161143/cr00214.000,-4.291346521009119,21.35882546498713,330.5465275220497,203.03690136754062,118.89297070890251
0,Chromosomes/Chromosome_PS161143/cr00003.000,0.18918536492560067,5.5320145708607456,2177.3397428014423,581.2288981410991,636.3163767042467
0,Chromosomes/Chromosome_PS161143/cr00201.000,-1.7577214729420687,6.561047140675665,61.18275167801636,304.37868084223203,23.544058606370438
0,Chromosomes/Chromosome_PS161143/cr00163.000,0.10797400477262846,2.0394156611506635,12238.948846632164,501.66845834115105,6774.587184017902
0,Chromosomes/Chromosome_PS161143/cr00161.000,0.32400670627025996,1.8889730292693514,175.04809142028637,368.65185611238667,69.9252009574009
0,Chromosomes/Chromosome_PS161143/cr00203.000,0.45441057013755015,1.867365542584225,10312.637272892822,400.19323094939773,5533.703460080999
0,Chromosomes/Chromosome_PS161143/cr00015.000,0.9998790956478186,19.46956379397319,3673.5887967761237,218.1432601876179,962.338808889339
0,Chromosomes/Chromosome_PS161143/cr00014.000,1.0,11.810610517252845,7161.110862420801,246.66596621188057,2272.6662688766946
0,Chromosomes/Chromosome_PS161143/cr00202.000,-0.43885427880938005,2.855164482270662,4568.832634494393,436.3489610630707,2175.243131537077
0,Chromosomes/Chromosome_PS161143/cr00174.000,1.0,14.160510715536127,3249.288961135351,176.6154146003961,1164.567270736791
0,Chromosomes/Chromosome_PS161143/cr00160.000,0.025890019230158025,1.6714242748294277,103.47529423232868,420.1200948915133,55.6164650799193
0,Chromosomes/Chromosome_PS161143/cr00148.000,1.0,3.7637974136934376,9539.761098169678,162.24231078533307,4412.131596811129
0,Chromosomes/Chromosome_PS161143/cr00113.000,1.0,2.5867615716039523,5393.52585141572,195.15156894838594,2219.7945018254018
0,Chromosomes/Chromosome_PS161143/cr00072.000,0.8043310125829435,7.157861784416075,7423.786151111984,268.85356025711246,2383.9956065965857
0,Chromosomes/Chromosome_PS161143/cr00112.000,0.7448417401744538,3.4856147262064177,10326.964733781007,297.0937802415086,5543.538681855445
0,Chromosomes/Chromosome_PS161143/cr00104.000,1.0,4.135054496523343,10583.956318173823,174.62603631706918,5588.092253807484
0,Chromosomes/Chromosome_PS161143/cr00064.000,1.0,2.6784868220804947,10865.238252340503,330.4597977712482,5264.92382346379
0,Chromosomes/Chromosome_PS161143/cr00070.000,1.0,4.211781174001765,11230.810789824662,243.42062805949956,5531.901102867616
0,Chromosomes/Chromosome_PS161143/cr00071.000,0.15855608674673716,7.028209268743423,9516.669935117436,405.19476681021285,5321.311712447869
0,Chromosomes/Chromosome_PS161143/cr00065.000,1.0,3.88069636790266,10606.890148923125,187.95605351851862,5079.515722989312
0,Chromosomes/Chromosome_PS161143/cr00111.000,1.0,6.35278734980227,10718.02674833519,152.5378899230243,5296.895898711498
0,Chromosomes/Chromosome_PS161143/cr00114.000,-0.3686056396466945,2.0613790745854343,65.88144613962749,251.5881941894313,16.78812437476851
0,Chromosomes/Chromosome_PS161143/cr00128.000,1.0,47.500925267484824,8737.533871711028,210.03863976038156,3398.5420828223287
0,Chromosomes/Chromosome_PS161143/cr00102.000,-0.7519692392502706,12.044307837399614,2312.4441067946113,525.5833359826356,509.51374496130813
0,Chromosomes/Chromosome_PS161143/cr00076.000,0.1232294965296932,1.7231424315158792,518.3805118845512,644.8706950332638,263.5570566308979
0,Chromosomes/Chromosome_PS161143/cr00062.000,-0.9622908366583969,1.9374376848746344,411.8909057393332,461.28252578111204,123.91997656277162
0,Chromosomes/Chromosome_PS161143/cr00063.000,0.09625014798936969,2.54199515126976,8021.766922830289,554.9648927193757,4898.88214871885
0,Chromosomes/Chromosome_PS161143/cr00077.000,0.9793113351553204,4.569412705955118,900.7555682214968,557.8111533903575,302.9303882323538
0,Chromosomes/Chromosome_PS161143/cr00088.000,0.7938559510164855,22.130593020889677,9095.015984737405,179.6752447489191,3027.358632717685
0,Chromosomes/Chromosome_PS161143/cr00103.000,0.8818890142310055,2.8792503816270645,10619.31177868799,332.43085407595765,4970.743856693648
0,Chromosomes/Chromosome_PS161143/cr00132.000,1.0,4.376093179637641,10770.632122948075,254.75828349729488,5503.418392910012
0,Chromosomes/Chromosome_PS161143/cr00091.000,1.0,8.192611044813098,11113.366653638717,170.61822090838268,5821.599279560528
0,Chromosomes/Chromosome_PS161143/cr00085.000,0.9978336226742157,25.10747256556809,9885.661561062514,212.19006733893275,4268.96136592947
0,Chromosomes/Chromosome_PS161143/cr00052.000,0.9648086897782644,4.478488597730215,11254.325049439982,276.4074422537567,6005.578031444001
0,Chromosomes/Chromosome_PS161143/cr00053.000,0.16659635927789587,3.2242776934477786,6644.833409412459,349.28784136226284,3861.8102094192186
0,Chromosomes/Chromosome_PS161143/cr00084.000,1.0,13.145509371237907,9450.74632669651,263.67015002677374,4111.163654394201
0,Chromosomes/Chromosome_PS161143/cr00133.000,1.0,20.453847941253894,6698.0086389454245,282.6182311568258,1992.2043788114995
0,Chromosomes/Chromosome_PS161143/cr00127.000,1.0,8.68471723208405,10203.669507391085,189.1535883232806,4768.21530763474
0,Chromosomes/Chromosome_PS161143/cr00086.000,1.0,11.273230092651266,8983.637728911557,188.72995443894467,3248.084103551537
0,Chromosomes/Chromosome_PS161143/cr00092.000,1.0,4.970971955722923,10563.952373227388,220.252000107242,5634.39289467504
0,Chromosomes/Chromosome_PS161143/cr00051.000,1.0,7.145872466520612,10876.491883222538,181.2624925425897,5378.428465841326
0,Chromosomes/Chromosome_PS161143/cr00044.000,1.0,3.288242711371046,10394.0866571644,202.20012792973614,5269.237075303137
0,Chromosomes/Chromosome_PS161143/cr00093.000,1.0,4.85487974123725,8121.112032147555,206.77701868981433,3510.419112598891
0,Chromosomes/Chromosome_PS161143/cr00087.000,1.0,25.728654321355034,9634.95768456493,236.0693502952381,3039.463699125159
0,Chromosomes/Chromosome_PS161143/cr00108.000,1.0,3.030931006827367,9743.908526540186,183.12890272177742,4672.078874824371
0,Chromosomes/Chromosome_PS161143/cr00134.000,-14.286292103987448,7.244273335756752,139.8188343920242,297.5772733996298,43.42203216945581
0,Chromosomes/Chromosome_PS161143/cr00083.000,0.3958398279248035,11.671481058923602,10146.968758844641,418.3096356312303,3092.7882012083332
0,Chromosomes/Chromosome_PS161143/cr00054.000,-0.5806287954367649,2.1393981382586453,308.2808310927252,177.25549934589674,178.754353911459
0,Chromosomes/Chromosome_PS161143/cr00082.000,-0.32099126180388876,13.463920397935322,5015.592805179514,370.43271253358296,1407.1737769554802
0,Chromosomes/Chromosome_PS161143/cr00121.000,-1.2038841587167608,1.6719236607324575,140.34378133878096,595.7845268168373,54.47514909284959
0,Chromosomes/Chromosome_PS161143/cr00123.000,1.0,3.238679206910081,10317.70706636093,168.4987012852339,5344.766843165345
0,Chromosomes/Chromosome_PS161143/cr00043.000,1.0,2.614420549167582,11225.927772767633,436.4677849708314,5596.660065939116
0,Chromosomes/Chromosome_PS161143/cr00042.000,-0.4663989841241849,6.147290902036537,1385.9650929519416,406.4477661328451,373.32729259884536
0,Chromosomes/Chromosome_PS161143/cr00122.000,1.0,4.765980876957612,8918.076430863051,671.2740130167565,3684.54348288992
0,Chromosomes/Chromosome_PS161143/cr00192.000,0.9935213254362807,4.191688140558802,10943.879463699646,273.6738098772681,6019.39441145362
0,Chromosomes/Chromosome_PS161143/cr00025.000,1.0,3.638932193423293,10171.650143856246,173.1657723560313,5121.718037125558
0,Chromosomes/Chromosome_PS161143/cr00024.000,1.0,4.430980902497589,10367.598510527985,313.588536782859,4975.1529133904
0,Chromosomes/Chromosome_PS161143/cr00144.000,1.0,4.880044256508146,10534.113427186425,192.96732386204167,5551.398419458089
0,Chromosomes/Chromosome_PS161143/cr00193.000,0.9858986129938548,2.5902556127598104,7582.773158681967,317.51281141734296,3762.8596282371896
0,Chromosomes/Chromosome_PS161143/cr00191.000,1.0,3.855038566154531,10809.88786836499,162.8247487554503,5414.120262071102
0,Chromosomes/Chromosome_PS161143/cr00185.000,1.0,6.4845340890505705,9668.103132148362,156.79931305692867,4153.797348536976
0,Chromosomes/Chromosome_PS161143/cr00152.000,1.0,4.482111874804859,10693.726145916698,161.5665707949895,5200.931422930399
0,Chromosomes/Chromosome_PS161143/cr00032.000,1.0,4.093052868129324,11064.059606706302,175.22034877309648,5559.387643546503
0,Chromosomes/Chromosome_PS161143/cr00033.000,1.0,5.293657959280861,10541.07697086214,222.5746590506476,5429.5815178812145
0,Chromosomes/Chromosome_PS161143/cr00153.000,1.0,5.253271318245655,10492.092248816258,289.10398636089656,5547.439109070416
0,Chromosomes/Chromosome_PS161143/cr00184.000,1.0,4.713833594450978,10358.562324901972,184.86149957246755,4611.636494962771
0,Chromosomes/Chromosome_PS161143/cr00194.000,-1.9842398959878393,9.707194247058675,206.07712207399106,213.0422090460587,69.09235531542738
0,Chromosomes/Chromosome_PS161143/cr00180.000,0.8434925830268604,3.7457836624843908,225.0904125585576,561.5031270479135,81.61769857606053
0,Chromosomes/Chromosome_PS161143/cr00143.000,0.5281690688142392,3.0796142012816063,11619.950411608475,483.22125433092805,6082.054672610415
0,Chromosomes/Chromosome_PS161143/cr00209.000,1.0,19.708110203543583,10360.973719291407,203.6029905869409,4040.337129687069
0,Chromosomes/Chromosome_PS161143/cr00023.000,-0.8670245045119178,4.303140554264825,3164.3499350911325,445.68909519458833,1470.2129581548436
0,Chromosomes/Chromosome_PS161143/cr00208.000,1.0,7.962961256794957,10783.506847278215,211.0759381945818,4648.790134672486
0,Chromosomes/Chromosome_PS161143/cr00142.000,-1.156394578372734,7.323255014105986,1823.8307159652404,537.0955828651006,654.6368391823798
0,Chromosomes/Chromosome_PS161143/cr00156.000,-19.383933327388753,7.757786752454332,103.70516441184748,264.92057159293336,34.276023389517036
0,Chromosomes/Chromosome_PS161143/cr00181.000,0.3345177655883584,2.1241450797690606,194.77390672172527,479.1143946222435,70.49972576749252
0,Chromosomes/Chromosome_PS161143/cr00183.000,0.9824068233076966,2.8202687252520993,10014.867974788278,276.5121681029318,5119.083879621054
0,Chromosomes/Chromosome_PS161143/cr00140.000,0.15163259607653418,2.763652624014236,154.00269001569586,479.59630128762456,70.8026144967917
0,Chromosomes/Chromosome_PS161143/cr00154.000,-0.2142464847434202,195.54279218389686,6101.430924354822,338.52235755080574,1597.2925352661557
0,Chromosomes/Chromosome_PS161143/cr00008.000,1.0,9.899532271225372,10683.357756731208,175.57061958876307,4749.931864653671
0,Chromosomes/Chromosome_PS161143/cr00034.000,1.0,1.9446484355910632,8942.257045401955,266.99139639899613,4251.710551941616
0,Chromosomes/Chromosome_PS161143/cr00141.000,-2.4194141005397194,1.1007650933561048,126.25487332864634,336.11687814406184,56.90874718331825
0,Chromosomes/Chromosome_PS161143/cr00182.000,0.11870977204589324,1.6906071852743296,7785.146761524898,495.337491246483,4143.489418461132
0,Chromosomes/PS220410/cr00004.000,1.0,4.746264333424013,9350.55178776081,170.4022213031186,4003.791607287681
0,Chromosomes/PS220410/cr00007.000,0.08397495391579236,2.713677897624662,5168.92069185701,201.05937254144408,2452.5983558092735
0,Chromosomes/PS220410/cr00013.000,1.0,7.8093444885445615,8639.05498453295,200.9038807680621,3133.3034084751584
0,Chromosomes/PS220410/cr00012.000,1.0,17.0346296755961,9077.300610154898,247.20872835796274,4056.208779475341
0,Chromosomes/PS220410/cr00006.000,1.0,8.796850615554098,9508.467693396118,177.206373901951,3628.5880573337217
0,Chromosomes/PS220410/cr00002.000,1.0,4.419629658534136,7141.877309289145,219.10613219179743,3627.069980061766
0,Chromosomes/PS220410/cr00017.000,0.1549321263717879,7.673631404706009,9664.419257799938,276.8579633938656,3532.8840922132217
0,Chromosomes/PS220410/cr00003.000,1.0,3.6580080864680875,8707.020472849963,229.06444635852097,3431.545452072375
0,Chromosomes/PS220410/cr00014.000,1.0,6.759991541215502,9561.056374235539,161.52326247543942,4210.506219135963
0,Chromosomes/PS220410/cr00073.000,1.0,4.8486436720627495,8945.952525006705,219.02811117252338,3502.8490001106693
0,Chromosomes/PS220410/cr00067.000,1.0,5.147220386943319,6834.7616530642645,563.0442498112764,2604.800809886272
0,Chromosomes/PS220410/cr00066.000,0.07795725894958197,5.290202848808884,5167.870619627157,515.4254442481174,1351.6429399059966
0,Chromosomes/PS220410/cr00072.000,1.0,10.366545512703176,7646.040263270759,203.2677984321324,3682.9506158622567
0,Chromosomes/PS220410/cr00064.000,1.0,3.7013053895395904,8913.35236878302,174.69089389634962,3825.43094366657
0,Chromosomes/PS220410/cr00065.000,1.0,8.35428866394952,7306.913141833329,222.83758969315352,2252.568572548204
0,Chromosomes/PS220410/cr00075.000,1.0,3.2010655627689517,8776.520716373949,245.4509834388541,3324.6607363061084
0,Chromosomes/PS220410/cr00074.000,0.9403021787374009,3.6187059270842377,7451.903276562084,183.41089321607046,2518.9661245704883
0,Chromosomes/PS220410/cr00076.000,0.5494721022885718,3.2660570078832283,8254.121114892134,352.48195068233986,2882.362358626053
0,Chromosomes/PS220410/cr00062.000,1.0,8.697987255125376,9406.606040669645,218.73450056406477,3526.4268521681897
0,Chromosomes/PS220410/cr00063.000,1.0,3.8617363404246285,9720.887585707618,172.97664547232273,4076.601716590545
0,Chromosomes/PS220410/cr00077.000,-0.9215897706757202,2.921520477729553,1387.9599000241703,291.1309467582287,736.151213438203
0,Chromosomes/PS220410/cr00085.000,1.0,4.9295226107556696,9158.94813047077,355.77211353219536,3172.6520941759372
0,Chromosomes/PS220410/cr00052.000,1.0,4.810507919969693,9332.336485234135,254.34309420679597,4266.682780280698
0,Chromosomes/PS220410/cr00046.000,0.7566961305171989,5.600769591029138,8809.094160830988,151.7967530867586,3174.146260510714
0,Chromosomes/PS220410/cr00047.000,0.33322111212350186,5.9424712011567795,6204.650519385837,270.06776126794864,1596.1807224960428
0,Chromosomes/PS220410/cr00084.000,1.0,11.825425023156365,9435.963958149629,191.92733615136376,3786.2064099045333
0,Chromosomes/PS220410/cr00086.000,-1.401026398507464,45.82324382569101,517.4059247089846,179.3688207474845,106.2878825551423
0,Chromosomes/PS220410/cr00083.000,1.0,5.674133306350612,7393.362923901781,240.5602648467068,3034.1303476170347
0,Chromosomes/PS220410/cr00054.000,0.9576039497969875,8.218500241246176,8429.348838734966,169.13352189013676,2923.152317939097
0,Chromosomes/PS220410/cr00055.000,1.0,6.113358146715165,8999.629501044488,177.16390761863852,3348.798202087127
0,Chromosomes/PS220410/cr00041.000,-1.6167220381994791,11.666520851842341,142.67575440954244,286.36756166284067,29.423064630575844
0,Chromosomes/PS220410/cr00057.000,0.7021253289088049,7.22957622435857,8218.43658691567,253.84230671605462,2308.211639289104
0,Chromosomes/PS220410/cr00043.000,1.0,8.598754106578397,9022.042272914747,199.6120338327712,3320.7003316218693
0,Chromosomes/PS220410/cr00042.000,1.0,4.06699792200919,10038.56615192041,238.11326808064973,4480.549019120724
0,Chromosomes/PS220410/cr00056.000,-0.5699762280320296,54.82659754516921,6221.3556500280065,405.88159300350014,761.613471321121
0,Chromosomes/PS220410/cr00025.000,1.0,6.326222761986947,9530.304363384364,152.4159540958857,3726.0801736073495
0,Chromosomes/PS220410/cr00024.000,1.0,6.649537368660799,9130.739062020313,161.87351314241437,3794.3399322845476
0,Chromosomes/PS220410/cr00026.000,1.0,7.987353665195659,9579.068149409879,162.9170026206425,3984.012204985547
0,Chromosomes/PS220410/cr00032.000,1.0,4.381852585986975,9103.301639238802,201.09825050438485,4178.542698896596
0,Chromosomes/PS220410/cr00033.000,1.0,21.23914112281425,9145.449999947827,174.94538923078198,3189.931058383262
0,Chromosomes/PS220410/cr00027.000,1.0,9.96536382593832,8617.611910169928,244.19921547280182,2577.0154538627985
0,Chromosomes/PS220410/cr00023.000,1.0,9.143289548008553,8387.181504035409,190.13022876238506,2952.0285487687124
0,Chromosomes/PS220410/cr00037.000,0.30167657615552557,10.921370604770466,7385.023682600442,418.6216272413185,2876.560356928499
0,Chromosomes/PS220410/cr00036.000,1.0,7.743195837269509,9195.94514601268,159.13796996397832,3325.2922427330345
0,Chromosomes/PS220410/cr00022.000,1.0,4.992503062550538,9617.579541694618,238.95657067823925,4150.193391562898
0,Chromosomes/PS220410/cr00034.000,1.0,10.425591656902435,8999.982590811944,154.0448147704185,3519.6676973791414
0,Chromosomes/PS220410/cr00035.000,1.0,7.721696706518378,9270.728368203696,169.42644350888963,3565.653750183176
0,Chromosomes/PS091154/cr00004.000,1.0,7.538389210892902,3342.6329591883077,695.7300618694121,985.7576990662418
0,Chromosomes/PS091154/cr00005.000,1.0,9.865649575915098,3780.5938242581037,694.5618551519441,1099.2519924068517
0,Chromosomes/PS091154/cr00007.000,0.9913244729723667,9.782637937483832,1189.5805134392,442.98015745574014,368.5803121208799
0,Chromosomes/PS091154/cr00013.000,0.9873162400116225,10.630818276315585,3555.171697854981,590.4221527658538,976.1777613827162
0,Chromosomes/PS091154/cr00012.000,1.0,9.317559246256419,2039.9904013536573,550.4142253499087,587.5119460631402
0,Chromosomes/PS091154/cr00006.000,0.8798640543429523,20.475298924240946,3859.313092246821,643.7953315218922,962.5010753604287
0,Chromosomes/PS091154/cr00002.000,1.0,15.085855440490478,1657.636708664637,478.5007184131594,426.8323177574358
0,Chromosomes/PS091154/cr00016.000,1.0,17.809326586190437,3253.2514533960148,612.880851993635,879.6201588501907
0,Chromosomes/PS091154/cr00017.000,1.0,3.781723011215662,1012.1549370042047,427.6970565942313,344.23969918239374
0,Chromosomes/PS091154/cr00003.000,1.0,9.914872614505976,3083.213398603763,611.091256688507,832.4164335278543
0,Chromosomes/PS091154/cr00015.000,1.0,12.122561260208956,4540.162940213302,685.4614949563794,1365.0566984696093
0,Chromosomes/PS091154/cr00014.000,1.0,10.463614796935977,3743.769799696998,722.5242226477437,1073.5251025218433
0,Chromosomes/PS091154/cr00073.000,0.9195451344010026,9.64774508380568,4387.249729167647,741.5897217516845,1135.2292099699584
0,Chromosomes/PS091154/cr00066.000,0.8791519117491642,7.730390932619835,1399.3530614940457,452.1760609598885,366.495025700661
0,Chromosomes/PS091154/cr00072.000,0.98336561502379,6.198469224248523,4548.242572294801,704.83384361049,1334.60419347043
0,Chromosomes/PS091154/cr00064.000,1.0,7.182435378277626,5093.385881079974,703.7327179015579,1541.4694393245204
0,Chromosomes/PS091154/cr00070.000,-3.076271061091222,154.89147324008624,1228.4148844796157,261.9007893650837,85.21957288356542
0,Chromosomes/PS091154/cr00071.000,0.2424046678722164,6.328983442866909,2090.4846644051277,549.8516684453903,577.3887380732758
0,Chromosomes/PS091154/cr00065.000,0.8402457787686536,6.891155664069866,3877.021716750332,717.7625847499016,1077.7411700217694
0,Chromosomes/PS091154/cr00061.000,0.7456765537641143,9.231634284254541,884.4948369281666,417.75861777993975,217.529284025351
0,Chromosomes/PS091154/cr00075.000,1.0,10.642969398704226,3098.565522367524,489.6394014355652,815.565504551286
0,Chromosomes/PS091154/cr00074.000,0.9018844295902664,7.252681372661112,3956.1679853543783,689.23421026102,1055.148813298306
0,Chromosomes/PS091154/cr00076.000,0.6325130488539091,19.894826654100207,798.8569221695248,266.6488351353936,164.51128883354818
0,Chromosomes/PS091154/cr00062.000,1.0,13.289904860073083,3743.367192311924,706.8451439273687,1029.7720472937847
0,Chromosomes/PS091154/cr00063.000,1.0,5.836572689650901,4896.813735603285,704.8768732029196,1475.0469552008985
0,Chromosomes/PS091154/cr00085.000,0.9142378221999068,10.339797915175657,2510.8071536351667,524.3690315337144,643.381753685355
0,Chromosomes/PS091154/cr00052.000,1.0,3.1026757279615333,578.4707676677864,437.3257880731654,205.19511865518524
0,Chromosomes/PS091154/cr00046.000,1.0,8.919107732651154,2419.0402226311326,426.08320292420603,828.33382852662
0,Chromosomes/PS091154/cr00047.000,1.0,6.251732230017725,500.7872299812264,322.50791629001174,141.915765152254
0,Chromosomes/PS091154/cr00053.000,0.9277259384876057,9.58983233383331,2680.355433656209,645.9741864570901,751.843129650066
0,Chromosomes/PS091154/cr00084.000,1.0,7.819078543425436,3703.520625000914,654.7325866613273,1134.3514241839184
0,Chromosomes/PS091154/cr00086.000,0.06708579601788062,114.6799871067408,1238.8900113160644,228.9065338705292,215.5536631641997
0,Chromosomes/PS091154/cr00045.000,1.0,10.34647357746263,4415.762743565236,599.9235301705105,1341.032727396517
0,Chromosomes/PS091154/cr00044.000,0.9983206713510081,7.313001335874738,4697.616328181006,667.6360976292823,1363.506807775011
0,Chromosomes/PS091154/cr00083.000,0.999316599670826,4.947362914480884,3518.7710552034478,610.845813751441,1085.8623603290728
0,Chromosomes/PS091154/cr00054.000,1.0,30.04236589597918,5329.025991595482,673.4458023401796,1477.576576933749
0,Chromosomes/PS091154/cr00055.000,1.0,7.584148731779025,5529.405607537396,605.7439235980978,1736.136603504184
0,Chromosomes/PS091154/cr00082.000,0.1290862224120001,5.353992019058532,653.3439320125665,612.4831372477836,160.25635612598026
0,Chromosomes/PS091154/cr00057.000,1.0,5.459061384039048,865.8937843457749,289.1743033542589,281.6549871992251
0,Chromosomes/PS091154/cr00043.000,1.0,11.403632430296375,4011.5955483688986,641.0900653963672,1161.4017171209248
0,Chromosomes/PS091154/cr00042.000,0.9371488456269548,4.803868987414662,2062.5575834120314,603.536162795464,651.0921417613305
0,Chromosomes/PS091154/cr00056.000,1.0,3.817066104341839,3335.119306133047,490.4198498169555,1190.5106239366014
0,Chromosomes/PS091154/cr00025.000,1.0,9.913648089846687,3761.6048516914516,681.889207944003,1062.0097070875397
0,Chromosomes/PS091154/cr00018.000,1.0,3.095551553300832,279.9487119013669,462.28947868421795,101.28297353470109
0,Chromosomes/PS091154/cr00024.000,1.0,9.053563544693269,4041.4331823196735,735.9923314438013,1134.0107582947842
0,Chromosomes/PS091154/cr00026.000,1.0,15.678378573288565,2437.0785460109823,556.9116569410262,703.5444181791248
0,Chromosomes/PS091154/cr00032.000,0.8703757494958522,9.781071105888325,941.5334053605144,506.6509839526861,291.30690671448104
0,Chromosomes/PS091154/cr00033.000,1.0,8.990859972018642,3337.5375091239794,576.5223487947753,945.7147379131194
0,Chromosomes/PS091154/cr00027.000,0.6578162528151873,5.464842025915271,657.8148875998418,453.7324271255436,161.43263928005993
0,Chromosomes/PS091154/cr00023.000,1.0,15.465535185091579,3437.953302604647,675.308136764922,921.3531267613974
0,Chromosomes/PS091154/cr00037.000,1.0,10.4860661626269,985.9769510723407,404.3109387844913,303.5869334566546
0,Chromosomes/PS091154/cr00036.000,0.9899979788739425,32.3218608141436,2847.3554900859344,632.0787298489989,717.1281084646805
0,Chromosomes/PS091154/cr00022.000,0.43483450549979213,8.997231520318156,1263.3800237173125,458.36657419297234,376.1286866831716
0,Chromosomes/PS091154/cr00034.000,1.0,9.998328386151293,4810.303290341743,675.4558660414068,1328.5952705214763
0,Chromosomes/PS091154/cr00035.000,0.9004092588403716,6.53660312973423,4457.719135970128,581.6485644072877,1291.713267307978
0,Chromosomes/PS150452/cr00212.000,0.7863521175160217,21.682274371158968,8346.971321010767,304.8107590675887,3018.7199518978277
0,Chromosomes/PS150452/cr00206.000,1.0,7.3815366763527015,9028.22414795527,210.23191476557997,3490.4607823659894
0,Chromosomes/PS150452/cr00004.000,1.0,2.8396987608160695,7987.4096012815835,258.8593787790778,3745.647949900482
0,Chromosomes/PS150452/cr00005.000,1.0,14.87816687777026,9743.87377043043,232.78742180952906,3629.818623994286
0,Chromosomes/PS150452/cr00011.000,1.0,7.483169171754164,9147.285899683837,187.27551346575046,3435.5982645171916
0,Chromosomes/PS150452/cr00207.000,0.928126692849493,31.545915273737176,9086.614996895196,203.4355585842394,3156.641576467406
0,Chromosomes/PS150452/cr00213.000,-0.03233575437609078,21.417572326256533,2966.0253222954866,281.2831592507986,707.3163157479311
0,Chromosomes/PS150452/cr00205.000,1.0,3.636974522072011,8897.131057891462,262.8174637045604,4196.943018993118
0,Chromosomes/PS150452/cr00211.000,1.0,16.777504474914473,8711.622874158502,215.0047537095653,3667.0985992266037
0,Chromosomes/PS150452/cr00013.000,0.9550414600007674,49.331333067335684,7697.838620159655,183.25912808427677,2522.8890554287095
0,Chromosomes/PS150452/cr00012.000,1.0,6.1443998626107685,9837.170933319647,169.31146947931074,3937.6945069453395
0,Chromosomes/PS150452/cr00006.000,1.0,51.79921682691094,8764.752545356407,166.09045189446374,2643.067051819567
0,Chromosomes/PS150452/cr00210.000,0.970544715989865,111.65459176458154,9452.589607567501,217.2960483043854,3206.8446409414532
0,Chromosomes/PS150452/cr00204.000,-0.8045335823715581,5.9147335185750896,5565.03138870594,340.73808729500263,2989.1453471232057
0,Chromosomes/PS150452/cr00162.000,-2.1744588378439267,26.709629099399265,2577.060285669866,214.99175848121854,1135.2734884752406
0,Chromosomes/PS150452/cr00200.000,-6.164823264466639,67.59663603548894,631.4996661067203,205.04592111879242,73.56724462500328
0,Chromosomes/PS150452/cr00214.000,-1.4355480449107114,21.24093054339243,605.5113849920867,226.1433275570779,130.354352991221
0,Chromosomes/PS150452/cr00003.000,1.0,16.255749470346146,5150.669960264758,152.41772931160358,1515.3587907462593
0,Chromosomes/PS150452/cr00215.000,-2.89828576283592,71.75732748477495,1072.7941031549974,177.70481139038884,111.48577392774276
0,Chromosomes/PS150452/cr00201.000,-6.4593220023735745,111.65107786952697,686.1413688856169,178.54190342774132,63.62167224061891
0,Chromosomes/PS150452/cr00163.000,1.0,2.263605781028085,9271.739772751871,243.76240747858014,4629.88807318998
0,Chromosomes/PS150452/cr00161.000,-2.9007067089423226,150.21846340368586,1016.3726178689118,184.01907247744452,92.86284877344231
0,Chromosomes/PS150452/cr00175.000,-0.3444195532833733,20.97356230679604,1792.0408897211944,242.65193714884288,355.86456754902963
0,Chromosomes/PS150452/cr00203.000,-3.9692310340083794,8.673869170629517,2234.4837783907815,245.04497218560994,964.2791950074942
0,Chromosomes/PS150452/cr00202.000,-2.2167721801018065,3.0863299857021946,181.3232669424308,304.87681350520234,62.273829579665964
0,Chromosomes/PS150452/cr00174.000,1.0,21.182034151961055,9170.017872115772,214.3001352136199,4142.388128542741
0,Chromosomes/PS150452/cr00160.000,-1.5415206766491096,97.10558427676575,1570.7182314558804,181.18112195965227,163.23581626525814
0,Chromosomes/PS150452/cr00113.000,0.999705994210692,6.667248737788981,9457.37221615034,183.85958606468478,3484.6259290064104
0,Chromosomes/PS150452/cr00073.000,1.0,8.47605004491323,10028.344647368638,195.87495635843175,4561.687627245314
0,Chromosomes/PS150452/cr00104.000,1.0,2.92741916351175,9812.433636799135,188.80172394538283,4263.875131206519
0,Chromosomes/PS150452/cr00064.000,1.0,13.67013594844132,8665.891642516828,244.8339877153004,2492.975483125171
0,Chromosomes/PS150452/cr00115.000,0.7630948874920757,20.062837199359965,6924.857579037925,338.40301889238344,2120.828712793987
0,Chromosomes/PS150452/cr00101.000,-3.500715615227284,58.047683944880525,930.7132698025413,202.30341433062767,86.42851082600156
0,Chromosomes/PS150452/cr00061.000,-0.7651053815476274,13.793573272491468,1604.5776967300862,159.8944414540814,424.0665367319266
0,Chromosomes/PS150452/cr00074.000,0.16918007467043947,3.107096623930346,3114.4576177723734,261.72361740965107,1787.477857451685
0,Chromosomes/PS150452/cr00100.000,-4.742665431532886,54.599776807262074,474.0898078152766,218.77538843197192,69.83211495998796
0,Chromosomes/PS150452/cr00114.000,0.7908183698413165,30.432033197475587,9815.373169796369,251.89610039269087,3960.097670644953
0,Chromosomes/PS150452/cr00102.000,-0.07646100197769463,54.39499459256063,1119.3926567519684,206.2816788931534,129.8700356752909
0,Chromosomes/PS150452/cr00116.000,0.42502261887146253,14.50484263176548,1279.6967669393625,291.86069818492456,348.76538986098285
0,Chromosomes/PS150452/cr00062.000,-1.5675061452635866,21.574954963260314,302.4134049340733,251.56548957416055,64.28804937582167
0,Chromosomes/PS150452/cr00063.000,-1.9903487066989576,30.161967341372193,5455.601504013609,379.57648648689974,2274.5947542404483
0,Chromosomes/PS150452/cr00103.000,0.351798606376415,6.720855054362812,6023.817751010201,317.8697688814482,3331.5042146873725
0,Chromosomes/PS150452/cr00052.000,0.9282695368723316,17.56402970446547,8774.408012784366,152.88837219230913,2675.217407346488
0,Chromosomes/PS150452/cr00046.000,0.983692220292866,268.850029437163,7178.9179488336,177.28978471384892,1795.0223444153696
0,Chromosomes/PS150452/cr00053.000,1.0,24.65652923873695,9390.746013772487,156.15487746878705,3367.276780859045
0,Chromosomes/PS150452/cr00084.000,1.0,3.991120086904041,10299.611785213117,203.8521815141802,4647.076889634345
0,Chromosomes/PS150452/cr00133.000,1.0,8.54434920981882,9263.004893267353,172.82482491946564,3866.5234453665657
0,Chromosomes/PS150452/cr00092.000,1.0,19.666733308638225,10269.516127500363,207.1580507998474,3868.988568070688
0,Chromosomes/PS150452/cr00044.000,0.6879377782771566,9.873389532381394,8691.78993387536,195.39968869297945,2607.5327011968334
0,Chromosomes/PS150452/cr00093.000,-1.3250210511528262,7.430625011814065,4548.1835559653655,381.9942644894859,2427.2980160397365
0,Chromosomes/PS150452/cr00134.000,0.8821762614322506,3.2834485084738305,9076.890714979403,267.5149105300203,4718.05423285326
0,Chromosomes/PS150452/cr00120.000,-0.8574077128463057,13.888534529242595,542.9515936263676,238.9048571474426,170.0539630134203
0,Chromosomes/PS150452/cr00083.000,-0.21714421954120205,3.373095883157532,4772.8462067298415,277.1814480368903,3003.7737756326965
0,Chromosomes/PS150452/cr00054.000,1.0,16.989180851521837,10248.112911379865,237.18627571184163,5199.524717804218
0,Chromosomes/PS150452/cr00055.000,-0.43927955666329316,43.1657468611626,2288.2615836305386,258.85975745014935,428.33427021541524
0,Chromosomes/PS150452/cr00082.000,-28.524442137116203,167.94642837850262,221.4411346610549,263.8488834008025,33.61234406998686
0,Chromosomes/PS150452/cr00121.000,0.08840801548645043,18.841974425943786,633.2950606059799,247.62109912212452,175.29232403430714
0,Chromosomes/PS150452/cr00135.000,0.5714280505527118,17.794064083496774,932.8987467500631,362.8740250962155,197.68142612387493
0,Chromosomes/PS150452/cr00123.000,1.0,3.684394150575488,9160.50609863433,163.63506288851988,3880.467592850582
0,Chromosomes/PS150452/cr00094.000,-2.696409095252023,144.78103245184522,1462.2849779563544,171.9824654569893,186.69146979220523
0,Chromosomes/PS150452/cr00043.000,0.1581965120904586,3.4936390941457893,8415.455355034004,285.4380750413592,4349.220828665252
0,Chromosomes/PS150452/cr00042.000,0.6940466468834616,215.1776468768108,3528.1974318426214,152.46606147294392,866.7273484925236
0,Chromosomes/PS150452/cr00122.000,-1.2482525502536232,2.186188068855616,2149.6689092413444,308.11952485600455,1065.265273544978
0,Chromosomes/PS150452/cr00025.000,0.6051205494235222,24.556527641327808,9736.58095915005,235.13906882492506,3093.371179330701
0,Chromosomes/PS150452/cr00024.000,0.2757398649953178,8.282888727107563,6634.80774902241,266.0801821610447,3349.590431224599
0,Chromosomes/PS150452/cr00030.000,1.0,23.00398690443357,7441.158203509701,158.6748560402699,2052.5577023481696
0,Chromosomes/PS150452/cr00185.000,1.0,10.913580232276168,9169.577478397105,185.21720447804876,3370.3694698810386
0,Chromosomes/PS150452/cr00026.000,0.011926032886463342,31.528504719829485,7151.673381605046,190.46946329494324,1708.68357003377
0,Chromosomes/PS150452/cr00027.000,1.0,22.527356144451854,8030.743998455317,152.06439507208017,2385.998058082362
0,Chromosomes/PS150452/cr00184.000,1.0,6.996645534115296,8905.992651020213,285.4235057809303,4200.777221048852
0,Chromosomes/PS150452/cr00194.000,1.0,7.0128298913728795,9185.939339085548,219.23344876910323,4389.26409908188
0,Chromosomes/PS150452/cr00180.000,-1.808712319401741,95.60540202242372,1203.9880490055384,182.6879138251395,122.35213350096649
0,Chromosomes/PS150452/cr00143.000,0.6412409228577025,3.663230152659339,9849.03735769681,272.52906226162554,5115.271063652376
0,Chromosomes/PS150452/cr00209.000,0.9980836229490133,19.603608149617706,8565.38879174877,162.19274541545826,2811.2736488623573
0,Chromosomes/PS150452/cr00208.000,0.9824152392585103,8.923372910607137,8865.460485388241,154.23335105253977,3099.1401838983707
0,Chromosomes/PS150452/cr00142.000,-6.405855264845945,24.223650359597844,2458.5095155742893,260.30635102963777,1332.7450417443506
0,Chromosomes/PS150452/cr00156.000,-6.820970123881668,185.80442599726692,1074.4708120425103,161.9871479295083,77.35323866591148
0,Chromosomes/PS150452/cr00181.000,-3.602466125393946,60.35027834679008,671.0715438074807,184.10212608512552,85.1924727097226
0,Chromosomes/PS150452/cr00195.000,-0.07046588841624725,43.48363031175516,3280.0940175379624,248.2144886854271,931.3091132340995
0,Chromosomes/PS150452/cr00183.000,-0.1991772422487834,3.889345024213242,3048.408547296476,233.6273774760325,1736.2598118019228
0,Chromosomes/PS150452/cr00140.000,-4.258442188037943,92.47628865831383,854.4978821874787,205.54687683286238,123.45910806873218
0,Chromosomes/PS150452/cr00154.000,1.0,8.544422924882516,9693.102299048296,199.36351178723567,4377.28479746867
0,Chromosomes/PS150452/cr00008.000,1.0,12.699565143790135,8224.471560672111,151.23817660078396,2457.1542337232336
0,Chromosomes/PS150452/cr00034.000,1.0,3.427985730610145,7108.053094435003,196.11094612507225,3026.373000927692
0,Chromosomes/PS150452/cr00155.000,1.0,41.477565991744186,6225.038610109174,222.41380957239255,2489.904999642773
0,Chromosomes/PS150452/cr00141.000,-0.9261028118558408,70.245018319211,1045.1187106389548,211.42906692447275,167.89700039614613
0,Chromosomes/PS090508/cr00004.000,1.0,10.249679449933618,5864.698761608723,471.24290363526245,1859.6157513658131
0,Chromosomes/PS090508/cr00005.000,0.5707003977539997,5.483934893858364,4783.853045992863,409.9011313752244,1369.7130921394946
0,Chromosomes/PS090508/cr00011.000,0.5893344504983734,3.8435010067799382,1675.1734665638207,222.00305232768596,597.8471669774522
0,Chromosomes/PS090508/cr00013.000,1.0,7.620825378609957,7412.138522677245,490.97376991853866,2181.5562565985992
0,Chromosomes/PS090508/cr00012.000,1.0,5.912797221013495,6668.110340916246,470.14577725936874,1972.634242549565
0,Chromosomes/PS090508/cr00006.000,1.0,11.626871121675082,3603.818153677805,210.38949089585867,1024.276489632332
0,Chromosomes/PS090508/cr00002.000,1.0,7.612987211049185,3746.919985416801,270.373590407169,1151.9445443206403
0,Chromosomes/PS090508/cr00016.000,1.0,12.868757205155438,3013.4980027197903,364.9026293428832,788.7784546641151
0,Chromosomes/PS090508/cr00003.000,1.0,6.465970852489857,5003.493506548979,389.23857514319684,1538.4543637135935
0,Chromosomes/PS090508/cr00015.000,1.0,6.866373900294667,6661.996964617285,472.16304277703364,1994.9221209495608
0,Chromosomes/PS090508/cr00014.000,1.0,7.3232659163849485,7328.741292902868,478.376413667195,2231.264115184589
0,Chromosomes/PS090508/cr00107.000,0.987842781519795,14.867506716105774,3419.779192082903,285.7038504435501,903.5211877516808
0,Chromosomes/PS090508/cr00113.000,1.0,9.039345022088586,7472.225894202933,371.6449878545287,2246.1530341722996
0,Chromosomes/PS090508/cr00073.000,1.0,8.639944432200622,6763.422847374609,343.23715835172925,1977.2632330972167
0,Chromosomes/PS090508/cr00066.000,1.0,6.382668590337208,1855.7233304210463,406.1108754383681,621.5229925983422
0,Chromosomes/PS090508/cr00072.000,1.0,7.592823395227895,2843.877662072582,248.70694576377196,1022.7427737775672
0,Chromosomes/PS090508/cr00112.000,1.0,20.349525707185894,6814.719299364889,289.66672157743767,2138.6579518877425
0,Chromosomes/PS090508/cr00106.000,0.9900139406659242,10.042485071600938,6477.340601153402,537.2105158148426,1873.2486304501356
0,Chromosomes/PS090508/cr00104.000,1.0,8.58593887630147,7980.305799791776,424.2754385132132,2470.8949638244712
0,Chromosomes/PS090508/cr00064.000,1.0,9.43420886459862,7700.525701430427,416.4230744819978,2327.1443031319204
0,Chromosomes/PS090508/cr00065.000,1.0,11.674429484651432,6798.113079165644,486.6269486059979,1948.8536271146986
0,Chromosomes/PS090508/cr00105.000,1.0,9.857227351653195,7496.171094834769,522.3984074054642,2283.858354423828
0,Chromosomes/PS090508/cr00129.000,-2.4715297932303373,97.57105359296477,353.3221951759617,173.35467442129868,54.29294634656178
0,Chromosomes/PS090508/cr00115.000,0.15310402072878515,8.222208885582527,6361.051568482908,593.0275057724763,1599.877669029545
0,Chromosomes/PS090508/cr00101.000,1.0,6.230596022384312,1148.656902817806,167.14253265767286,379.52611180910753
0,Chromosomes/PS090508/cr00061.000,-5.55756935357782,3.3080410090457053,618.2748625878278,157.06679228056294,256.50066284362606
0,Chromosomes/PS090508/cr00075.000,1.0,10.384810970707939,8143.085939403206,432.4673855679665,2509.7256078885853
0,Chromosomes/PS090508/cr00074.000,1.0,9.334207209510263,7749.7505118492045,392.74006535481476,2329.8191090163496
0,Chromosomes/PS090508/cr00114.000,1.0,11.025499309702115,7581.204310953828,453.686578366507,2459.191079692046
0,Chromosomes/PS090508/cr00128.000,0.281374096528066,21.557317747068186,576.922622290781,335.31719118599267,78.92534709156462
0,Chromosomes/PS090508/cr00102.000,1.0,11.3083435454668,6450.742239530767,292.5370857548015,1955.9070186938854
0,Chromosomes/PS090508/cr00116.000,1.0,11.227138330430648,4597.41168245261,425.38323365227484,1223.6313742694658
0,Chromosomes/PS090508/cr00076.000,0.9806948832386941,7.488611462490753,2222.5930962246243,386.06206133207957,727.89396774139
0,Chromosomes/PS090508/cr00062.000,1.0,15.969387016111439,4370.69942814309,311.19376407280356,1270.6795152913824
0,Chromosomes/PS090508/cr00063.000,1.0,17.82713965064374,7382.292725277563,375.7265685484649,2157.3946904959716
0,Chromosomes/PS090508/cr00117.000,0.4441237789556676,55.80955683537167,1758.3866987582871,233.75694847038312,319.01866941022007
0,Chromosomes/PS090508/cr00103.000,1.0,11.922926261174023,7744.831760743915,361.31417598952964,2333.9578226322865
0,Chromosomes/PS090508/cr00126.000,1.0,16.53657154535325,4527.744325035287,324.9312026384579,1228.7417158687267
0,Chromosomes/PS090508/cr00085.000,1.0,6.727941125520693,7367.644749853965,475.7511396511678,2330.9430976400054
0,Chromosomes/PS090508/cr00052.000,0.8232427266647516,17.078106094907326,5730.894162764888,376.9086534806046,1447.1967010670423
0,Chromosomes/PS090508/cr00046.000,1.0,9.678775501555762,5000.41477103321,493.4853453072531,1446.8895521927996
0,Chromosomes/PS090508/cr00047.000,0.6468696125485751,28.817636121514926,836.7258661397668,216.46133966789694,198.55586992984826
0,Chromosomes/PS090508/cr00053.000,1.0,12.708984916568033,7246.328487564576,396.17348404622874,2029.492860237412
0,Chromosomes/PS090508/cr00084.000,1.0,9.094541563446892,7375.558263103469,442.70413776420617,2213.0445842913846
0,Chromosomes/PS090508/cr00127.000,1.0,21.103167763851232,3232.1006349096397,188.80322443366958,859.4350177867881
0,Chromosomes/PS090508/cr00125.000,1.0,12.351857239811977,6557.425540063081,383.6581368017181,1797.5728848044362
0,Chromosomes/PS090508/cr00086.000,0.9993347538314654,5.49003592319148,7052.736134257934,473.9229199033572,2286.059811722935
0,Chromosomes/PS090508/cr00092.000,0.9553456070223204,28.68606543073505,6596.3384752317725,315.44260069436723,1765.5964079771
0,Chromosomes/PS090508/cr00045.000,1.0,6.948635551157073,7345.191489398059,478.3849473328732,2243.054439130027
0,Chromosomes/PS090508/cr00051.000,1.0,2.74707188963093,1236.072421133799,181.04230075110468,503.0343923533396
0,Chromosomes/PS090508/cr00044.000,1.0,9.596478549287749,7330.376368888163,492.3090894535283,2124.404350191498
0,Chromosomes/PS090508/cr00093.000,1.0,18.259611913044374,7547.68811943244,411.6450498648413,2092.520454684188
0,Chromosomes/PS090508/cr00087.000,0.846647593703974,76.37682223582318,2895.6182625992346,228.08038317286434,577.6600755025536
0,Chromosomes/PS090508/cr00118.000,0.38687199475109413,166.36678646057163,1364.027611654859,171.49065104140197,146.483749289106
0,Chromosomes/PS090508/cr00124.000,1.0,7.8376458617491505,7343.933985941239,387.6083432097281,2224.002185960962
0,Chromosomes/PS090508/cr00083.000,1.0,20.297796132907518,7378.528680055392,344.9157273306679,2190.0148342248185
0,Chromosomes/PS090508/cr00097.000,0.8360614091384367,11.947519387125183,1898.8036740618797,192.50696068609523,465.3334661708137
0,Chromosomes/PS090508/cr00054.000,1.0,15.68570677347616,7750.636904156929,452.14953185067657,2225.7731265298617
0,Chromosomes/PS090508/cr00055.000,1.0,36.5034585465744,6662.126530760686,497.27064477562453,1888.4360405233533
0,Chromosomes/PS090508/cr00041.000,0.8992990730627812,4.985307077655728,2124.2308616177934,215.0448282663574,669.5435610437382
0,Chromosomes/PS090508/cr00096.000,1.0,7.768689859698685,6379.9176536787145,494.8082864663464,2005.5002012600155
0,Chromosomes/PS090508/cr00082.000,1.0,13.278971562575146,6660.219368616029,292.9966599594194,1915.9721794209083
0,Chromosomes/PS090508/cr00123.000,1.0,25.696477943268363,7591.781746849449,313.8820021016161,2354.208632731558
0,Chromosomes/PS090508/cr00094.000,1.0,9.086608459931714,7982.604077827611,455.0049835924202,2391.2460458467185
0,Chromosomes/PS090508/cr00043.000,1.0,8.918467966582796,7285.4004968659965,447.74065859033044,2139.1956129847495
0,Chromosomes/PS090508/cr00042.000,0.9363772642762083,8.674790411660783,6544.874385034799,385.82960395015823,1899.9062818336467
0,Chromosomes/PS090508/cr00056.000,1.0,7.6586563777880095,3586.4803227785715,392.6541720612868,1114.1266436414699
0,Chromosomes/PS090508/cr00081.000,-0.44228596523892727,8.399124625263376,778.7425345281098,207.2785190103101,234.22662626379648
0,Chromosomes/PS090508/cr00095.000,1.0,4.952385963979642,7974.2330265779265,497.4333220710149,2543.1146480947586
0,Chromosomes/PS090508/cr00122.000,0.8103869216624081,14.858744348196565,5439.48955372002,238.46724793508417,1315.5553605403643
0,Chromosomes/PS090508/cr00031.000,-0.8906283639488629,2.4832022382300005,697.2485541942168,229.0159504261519,331.31020935188735
0,Chromosomes/PS090508/cr00025.000,1.0,11.601358734056033,6729.397152957168,500.2085437033364,1955.8017610409731
0,Chromosomes/PS090508/cr00024.000,0.8721158258794983,6.554257883449095,7355.7789402910885,527.9494211981598,2139.0655830683836
0,Chromosomes/PS090508/cr00026.000,1.0,9.282370198908382,5262.770498175393,447.0174827693112,1606.07809472161
0,Chromosomes/PS090508/cr00032.000,0.7572936236502572,9.325441869227722,6591.262026765501,418.3594321235755,1854.867229343784
0,Chromosomes/PS090508/cr00033.000,1.0,10.580611695939247,7613.653283769392,464.8331771542071,2332.0953232001375
0,Chromosomes/PS090508/cr00027.000,0.5533186030277744,54.32405782976267,1897.7784662403092,159.35528836120784,371.96902644312667
0,Chromosomes/PS090508/cr00023.000,1.0,5.471580315790393,7562.909176342945,470.59837310901105,2347.2020160453067
0,Chromosomes/PS090508/cr00037.000,1.0,53.84841106011185,1148.3593393492201,262.6164269826834,218.46003001887829
0,Chromosomes/PS090508/cr00036.000,0.9330885664295775,10.508934065586134,5050.750956064763,527.0360470273703,1342.5801853185756
0,Chromosomes/PS090508/cr00022.000,1.0,8.509146816250722,6575.891508995806,425.93512790014995,2027.3941243214101
0,Chromosomes/PS090508/cr00034.000,1.0,13.823054488421395,7425.949280075395,518.595164744791,2015.325192880325
0,Chromosomes/PS090508/cr00021.000,-0.14150874437182576,2.7963951101294,618.0966114135649,196.7059455983059,277.29098606622415
0,Chromosomes/PS090508/cr00035.000,1.0,9.109429300824637,7648.918890803765,499.9139664697833,2235.03769712485
0,Chromosomes/PS220115/cr00004.000,1.0,4.710115479373531,9143.635245304471,203.09473296353235,3858.700571299795
0,Chromosomes/PS220115/cr00011.000,-0.4292178972192428,40.09892118186212,1050.4433340693424,296.0793994885588,172.12130038642908
0,Chromosomes/PS220115/cr00007.000,0.8623003900663483,2.2137555090358774,2186.9079117624315,204.69029510268547,952.7839291883146
0,Chromosomes/PS220115/cr00013.000,0.937364391718488,15.452517058541888,8617.784300831347,256.82994236658203,2492.572862952801
0,Chromosomes/PS220115/cr00012.000,1.0,12.37233347318933,8674.124760597588,265.65434746645633,2631.0576384671012
0,Chromosomes/PS220115/cr00006.000,1.0,12.731526389483696,9693.30462806023,239.6510732632786,4068.9713800517015
0,Chromosomes/PS220115/cr00002.000,0.9267774751456821,6.558723504486509,6781.316910133061,312.00390510169905,2215.9876187234113
0,Chromosomes/PS220115/cr00016.000,1.0,3.3812178299632687,10351.590569254684,188.87151177434282,5401.432013923138
0,Chromosomes/PS220115/cr00017.000,1.0,2.7524259479762,7163.65051384409,309.4857209225272,2817.4347837769196
0,Chromosomes/PS220115/cr00003.000,1.0,3.434444169084682,9166.084665110578,199.56828817523422,3609.5089851828106
0,Chromosomes/PS220115/cr00014.000,1.0,7.379260826480653,9369.616679383327,161.81094437681827,3615.3283929294644
0,Chromosomes/PS220115/cr00066.000,-0.017114674610555675,1.42263512776304,8848.050798706952,569.1192706380825,5709.5107183773525
0,Chromosomes/PS220115/cr00065.000,0.8146378213662511,6.220183702557619,8754.109150232276,180.10953086602603,3304.654352355426
0,Chromosomes/PS220115/cr00062.000,0.9456392161312138,22.5355878337357,8449.15291635391,216.21711393246153,2974.1694221368516
0,Chromosomes/PS220115/cr00063.000,1.0,8.443537425643303,9688.268157379096,168.09107947204018,3732.2695487064816
0,Chromosomes/PS220115/cr00052.000,1.0,7.069426601673188,8108.4131892665,242.5653825872132,2821.9807626491756
0,Chromosomes/PS220115/cr00046.000,0.6918102981633811,36.13199522317173,6891.72801205509,443.4627027331311,1935.951034605167
0,Chromosomes/PS220115/cr00053.000,1.0,29.098075784312627,8350.195536542014,190.89295075031976,2639.1202565063404
0,Chromosomes/PS220115/cr00043.000,-0.25442313712522946,2.7679551319950777,8146.78705657272,165.1586556071951,4069.653577861597
0,Chromosomes/PS220115/cr00042.000,0.5124566518417407,12.300788756013782,7258.241551613756,183.00574468464868,2056.517197240297
0,Chromosomes/PS220115/cr00056.000,0.9483590937798486,18.85915126521934,6955.9044459282195,331.35147965487,1844.5398509126285
0,Chromosomes/PS220115/cr00025.000,1.0,24.08019585844027,8357.036074140846,184.40878240339964,2662.536025523878
0,Chromosomes/PS220115/cr00024.000,1.0,27.547861441385063,7632.886042208221,235.98594536737176,2063.7099470304006
0,Chromosomes/PS220115/cr00026.000,-1.349929529725766,2.6679405184721197,8999.826612331812,363.8675478834866,4861.601552781863
0,Chromosomes/PS220115/cr00032.000,0.8781656110926799,12.958765232308908,6958.797576897375,231.81898554593818,1790.483175937368
0,Chromosomes/PS220115/cr00033.000,0.7448602412731178,43.32996376307116,5439.966143191644,304.0871567044818,959.7364553815459
0,Chromosomes/PS220115/cr00023.000,1.0,25.593734965186787,7658.105122315866,213.943614092673,2018.0205654225463
0,Chromosomes/PS220115/cr00036.000,-1.3351968522132662,9.241192104091166,1837.981851731424,578.0899998418652,340.59228221913673
0,Chromosomes/PS220115/cr00022.000,-1.2092377054010157,121.886414333158,5125.171536842172,203.2795982275693,752.1607643674627
0,Chromosomes/PS220115/cr00034.000,1.0,61.025007215477615,8083.14717854839,286.0521902926092,2245.223993115075
0,Chromosomes/PS220115/cr00035.000,-0.44817281001747994,6.42930823972716,7783.915150589573,285.5250411637991,2135.791560310645
